qs1,qs2,qs3,qs4,qs5,qs6,qs7,qs8,qs9,qs10,vs1,vs2,vs3,vs4,vs5,vs6,vs7,vs8,vs9,vs10,time_secs,roll,pitch,axis_a_pos,axis_b_pos,axis_c_pos,axis_d_pos,axis_e_pos,axis_a_vel,axis_b_vel,axis_c_vel,axis_d_vel,axis_e_vel
1.2577869427951935,-0.051890758500676135,0.8171871146187806,1.2152866681643928,0.02710851312645371,0.12034245439818012,0.5235225877806636,0.3545758371640399,1.3422372831940705,-2.3269334712690424,0.005605006890228348,0.02549031730121605,-0.023900851502613476,0.002218040801225502,-0.04654391405625823,-0.006128446986120018,0.07401882870249395,0.030415819544312894,-0.03857216806538338,0.16258412377723044,0.019999999999988916,0.08797653654605274,0.06611775440282029,0.0012997945054365597,0.027276096865534782,1.6700760739960128,0.10000836104154587,3.0540361404418945,1.7975136132482108e-5,0.005274430983733872,0.007345280588520046,-0.002175781929932055,0.004463153896901009
1.2579548741238402,-0.05068236570064436,0.8178649639398972,1.2156604490240148,0.02701028476751386,0.11849889066739015,0.5264798121453957,0.35579875279495243,1.340692057793914,-2.320421177544253,0.0045262375574150904,0.025311751234180394,-0.023163973536129912,0.0022452825299646238,-0.04672186265258015,-0.006188688356586886,0.07377228062059872,0.030758756739272648,-0.038592228859423205,0.16159766893849162,0.05999999999996675,0.08798436760305983,0.06615244363480759,0.0012996451696380973,0.027300065383315086,1.670061707496643,0.09999638050794601,3.0540242195129395,-4.359012746135704e-5,0.005055050365626812,0.0014520672848448157,0.00010866448428714648,-0.008607176132500172
1.258080063523901,-0.04950373542331636,0.8185454095114363,1.216033471544732,0.026912055002067475,0.11664762549157597,0.5294266457355706,0.35703727089428977,1.3391436394261167,-2.313948108078937,0.003439281515465635,0.02515068940373189,-0.022452939246688418,0.002271733985758867,-0.046898234041921776,-0.0062511909928836705,0.07350081838398628,0.031194308938474524,-0.03873153555751858,0.16060993909146665,0.09999999999994458,0.08797759148869194,0.06615402528558115,0.0012996451696380973,0.027280129629628294,1.6700717218509975,0.09999638050794601,3.0540041908042306,-1.487581891487616e-5,0.0039466893495257345,-0.0017313504704192777,0.00020495092092650942,-0.0030367299636832918
1.2581627807842168,-0.04835352257094035,0.8192286938907909,1.2164057241069401,0.026813841554413853,0.11478870047313877,0.5323622876464879,0.35829493294603115,1.3375873009581207,-2.307513748120939,0.0023750550883620413,0.025006560700276667,-0.02177406052686647,0.0022975091438275355,-0.04707352415361852,-0.006315735475772078,0.07321428297017833,0.031714035850874775,-0.03898755969153916,0.15965028937348735,0.1399999999999224,0.08798030481394227,0.06614887886548325,0.0012996451696380973,0.027276096865534782,1.6700737476348877,0.09999638050794601,3.05400013923645,-9.067258361028507e-6,0.00372248119674623,-0.0023753177374601364,0.0002244285133201629,-0.0019098954508081079
1.2582045063926803,-0.047230155419530774,0.8199149659461544,1.2167772085108535,0.026715654817704403,0.11292214136353043,0.5352863448664887,0.35957490371297296,1.3360184520316858,-2.301116442916476,0.001362743474137256,0.02487874960417142,-0.021133325239360283,0.0023227414782960847,-0.04724821518127709,-0.006382043030681563,0.07292317675439919,0.03230759322346764,-0.03935597873517493,0.15874675944041264,0.17999999999990024,0.08797932497588395,0.06614574944412846,0.0012996451696380973,0.027276096865534782,1.6700737476348877,0.09998439252376556,3.0540361404418945,-0.0001057844638125971,0.007608214393258095,-0.007375287823379039,-0.007673045620322227,0.005089981947094202
1.2582078467007956,-0.04613185056956973,0.8206042854878759,1.2171479398229743,0.026617498225109372,0.11104795911518289,0.5381988511856683,0.3608798994123618,1.33443270884986,-2.294753464776133,0.00042905967399151735,0.024766642706536238,-0.02053631118934522,0.0023475818855973663,-0.04742276084916927,-0.006449782791545119,0.07263828071078282,0.03296295441666262,-0.0398307897751866,0.15792531798997408,0.21999999999987807,0.08797251110817036,0.06614455725144806,0.0012994603021070361,0.02725212834775448,1.670109748840332,0.10000836104154588,3.0540120601654057,-6.970692629693076e-5,-0.0060918196104466915,-0.006911803502589464,0.0010702217696234584,-0.004869905300438404
1.2581764211396789,-0.045056630701238116,0.8212966302622937,1.2175179459220677,0.026519368783637726,0.10916615140939175,0.5411002700348759,0.36221212568383915,1.332825958419613,-2.2884211089420115,-0.00040239995735595504,0.02466966578723319,-0.019988097509626,0.002372195855330757,-0.04759757319035781,-0.006518580526334964,0.07237023643165856,0.03366667663097353,-0.040404471032030355,0.15720917054505218,0.2599999999998559,0.0879835200380927,0.06614481901102093,0.0012994687329628374,0.027254314509012893,1.6701091997516477,0.10000781467112257,3.054012614690611,-6.76219038682853e-5,-0.005900775074790275,-0.006338575218383754,0.0009824253617891697,-0.004449540749026258
1.258114728469138,-0.04400234535417419,0.821991904933566,1.21788726676042,0.02642125771746517,0.10727670455561804,0.5439914765625595,0.36357322682104176,1.3311944159718745,-2.282114816288717,-0.0011115163518881125,0.02458731078646953,-0.019493173643777947,0.0023967591048392072,-0.047773013234098154,-0.006588027465488258,0.07212880929504106,0.03440419963180919,-0.04106815869964785,0.1566180529205845,0.29999999999983373,0.08799126158422535,0.06613268481762574,0.0012996451696380973,0.027300065383315086,1.6700977087020874,0.09999638050794601,3.0540242195129395,-2.3987611712072976e-5,-0.0019026919035241008,0.005657655652612448,-0.0008549333433620632,0.004347635433077812
1.2580279993358723,-0.0429666933356112,0.822689951926516,1.2182559533777664,0.026323151182189884,0.10537959566316782,0.546873713373703,0.36496424962980417,1.3295346750680195,-2.275829318334152,-0.0016821453218370756,0.0245191785668896,-0.0190554384073989,0.0024214560630679196,-0.04794938164460667,-0.006657691149583799,0.0719228582512253,0.03516029165205595,-0.04181184084363627,0.15616803777568417,0.33999999999981156,0.0880075878051127,0.06612056776874123,0.0012994603021070361,0.027260164205092186,1.6700977087020874,0.09998841170140199,3.0540361404418945,1.702731050842694e-5,-0.0045801113327409715,0.004070646520404625,0.0007692028095021721,-0.0015694060130044818
1.2579220216070277,-0.04194724545613624,0.8233905627848569,1.2186240666827517,0.026225031233469774,0.10347479509972757,0.5497485726320888,0.3663856233691531,1.3278437476770915,-2.269558782508882,-0.002102784992941604,0.024464956943481653,-0.018678104804512426,0.002446477712995192,-0.048126908240924846,-0.006727129392670257,0.07176083026544929,0.03591933877142714,-0.04262467909743924,0.15587129084133175,0.3799999999997894,0.08802905223077534,0.06611032198857922,0.0012994603021070361,0.02727364184060505,1.6700869552993818,0.09998977256883806,3.0540361404418945,3.645531815434228e-5,-0.0035460732632010333,0.002473842902870266,0.0005783373493907471,0.0003125964585559575
1.2578029499215775,-0.040941473979593114,0.8240934904380414,1.2189916758668204,0.026126876829569896,0.10156226923634368,0.5526179513446514,0.3678371495242781,1.3261190915632575,-2.263296985062817,-0.0023667347188083975,0.024424399635507327,-0.01836351779691063,0.002472012312179001,-0.048305743184512744,-0.006795902351279577,0.07164937327219656,0.03666562612318233,-0.04349527103402144,0.1557352411808777,0.4199999999997672,0.08804788078249523,0.06610335889514364,0.0012994603021070361,0.027276096865534782,1.6700737476348877,0.09999638050794601,3.0540361404418945,-3.596533861127682e-5,-0.004098884761333466,-0.007965647615492344,-0.0016632123151794076,-0.005040434654802084
1.2576771131227256,-0.03994678652772151,0.8247984621846758,1.2193588565218982,0.02602866477008036,0.09964198331569135,0.5554839655305124,0.3693180059702617,1.3243586296366632,-2.257037503093818,-0.0024720684035676693,0.024397310830060227,-0.018113099542284027,0.0024982393206764574,-0.048485954579002816,-0.006863584405927653,0.07159275341339247,0.03738375105639987,-0.04441181798504754,0.15576241872975782,0.45999999999974506,0.08807286207113364,0.06608010672155501,0.0012992753181606531,0.02725212834775448,1.6700857877731323,0.09998439252376556,3.0540480613708496,3.358090543770231e-5,-0.003610319457948208,0.001360285677947104,0.0030821715481579304,-0.0017634655814617872
1.2575508256214867,-0.038960560896631795,0.8255051922375337,1.219725688606607,0.025930370605483883,0.09771390424521124,0.558348851321361,0.3708267681199242,1.3225607627253266,-2.250773906299241,-0.0024214688107596404,0.02438352498706037,-0.017927351927681526,0.002525325122766149,-0.04866753024912222,-0.0069297755425756485,0.07159271602673037,0.038059051570680326,-0.04536228237680859,0.15595060351154286,0.4999999999997229,0.08808748613233562,0.06605029524915744,0.0012992753181606531,0.02725212834775448,1.6700857877731323,0.09998439252376556,3.0540480613708496,3.358090543770231e-5,-0.003610319457948208,0.001360285677947104,0.0030821715481579304,-0.0017634655814617872
1.2574302080677917,-0.03798017930221198,0.8262133931670379,1.2200922543500385,0.025831969512748257,0.09577800318649822,0.5612148653747836,0.3723614469113611,1.320724376602044,-2.244499938762443,-0.002221933934631208,0.024382881375253712,-0.017805888146862434,0.0025534197449166717,-0.04885038267690349,-0.006994111769992521,0.07164857392264996,0.03867801590791347,-0.0463345142943431,0.15629317214858063,0.5399999999997007,0.08809157291089512,0.06602358890597249,0.0012992753181606531,0.02732403390109539,1.6700737476348877,0.09999638050794601,3.0540599822998047,-4.705292667495087e-5,0.010750851593911648,-0.0026941040996462107,-0.00047048841952346265,-0.0020707740914076567
1.2573210221292666,-0.037003061318096026,0.8269227858153905,1.2204586361626402,0.02573343711754974,0.09383425784601412,0.5640841910986586,0.3739195423109073,1.3188488445304953,-2.2382096846736785,-0.0018843727517050871,0.024395194023877347,-0.017747478801495686,0.0025826541708971356,-0.04903435627680623,-0.0070562742366051465,0.07175739266401952,0.039228646249399805,-0.047316347477952256,0.15677955552642409,0.5799999999996786,0.08808462092733638,0.0659986750648354,0.0012994603021070361,0.027300065383315086,1.670121669769287,0.09998439252376556,3.0540361404418945,0.0001107965872506611,0.010044866241514683,0.003673743223771453,0.006229613441973925,-0.006124787498265505
1.2572285233967198,-0.03602669507452122,0.8276331073913447,1.220824914611649,0.025634750240393207,0.09188265440024329,0.5669588537764665,0.3754981102206372,1.3169340265191858,-2.231897714089894,-0.0014231106881857436,0.02442021912105691,-0.017750110485709257,0.002613138300238971,-0.04921923657328438,-0.007115996820927911,0.0719142537904263,0.03970076418511897,-0.04829566718793806,0.15739578947178667,0.6199999999996564,0.08807637948621541,0.06597012302818456,0.0012994603021070361,0.027297526674803795,1.6701204071228406,0.09998693123227685,3.0540361404418945,9.389907668331529e-5,0.008734016195495634,0.003121776417269019,0.005840070145092629,-0.005141949546349476
1.2571573356192371,-0.0350486663240665,0.8283441175493946,1.2211911665171344,0.02553588754907499,0.08992318900438791,0.5698406476667751,0.3770938402177453,1.3149802661854764,-2.2255592054307147,-0.0008553251954698258,0.024457622093533932,-0.017811053797748968,0.0026449596082161425,-0.04940476087375396,-0.007173072021294933,0.07211258553454586,0.04008624572034959,-0.049260462031495214,0.15812513427105687,0.6599999999996342,0.0880879530925556,0.06592989604630273,0.0012994603021070361,0.02727448467732403,1.670108938987628,0.10000755519801371,3.0540353386075343,-3.962579689034153e-5,-0.0011528223494221693,-0.001813681713345098,0.0026273016729367864,0.00346532038279542
1.2571113486457124,-0.03406668510570546,0.8290556023755229,1.2215574632185835,0.025436830103347585,0.08795586885266761,0.5727310772095312,0.378703141124061,1.3129883856243012,-2.2191900425940423,-0.00020043199533910133,0.024506946376032922,-0.017926936902231235,0.002678182473903298,-0.0495906299622005,-0.007227355035646793,0.0723445336623706,0.040379177549412566,-0.0501988719189464,0.15894873259210995,0.699999999999612,0.08808972358666965,0.06587843762112236,0.0012994603021070361,0.027276096865534782,1.6700737476348877,0.10000562698132452,3.0540480613708496,6.990193511248753e-5,-0.014364621235439133,-0.0006316137533204343,-0.0004913756469101746,0.004642279793251651
1.257093641505712,-0.03307860984286877,0.8297673763195701,1.221923869053381,0.02533756178230378,0.08598071277865037,0.5756313134836096,0.3803222311971893,1.3109596781867028,-2.212786885760388,0.0005205399813798499,0.02456758702438933,-0.01809382177022615,0.0027128481562165266,-0.04977652001969018,-0.007278766076368128,0.07260134981203796,0.040575933946915214,-0.05109924781053774,0.15984626948558894,0.7399999999995899,0.08808742288545818,0.06583244769687356,0.0012992049421529078,0.027292635258185167,1.6700820553882365,0.10000836104154587,3.0540398358724845,0.00011401324890198025,-0.004527964882269397,0.006351584064774351,-0.0009556609699536944,0.0005467540077565083
1.2571064279010669,-0.032082468694501924,0.8304792824252891,1.2222904400556613,0.025238069613901015,0.08399775145796966,0.578542166160818,0.3819472301392941,1.3088958978019232,-2.2063472178014916,0.0012854327243296848,0.024638779488382043,-0.018307281803128447,0.0027489755133375156,-0.049962091754065054,-0.007327291711279867,0.07287377834537288,0.040675191736049006,-0.051950264600567723,0.16079654249190256,0.7799999999995677,0.08808956491462633,0.06579018926537428,0.0012991767519278674,0.02728886013882774,1.6700857877731323,0.09999155491638223,3.0540361404418945,6.101739089693106e-5,0.003689190954899073,0.005132176691079255,-0.0014576207964829627,-0.00026086657033060366
1.2571510234060332,-0.031076478256871227,0.8311911908515903,1.2226572229023709,0.02513834401263971,0.0820070272262289,0.5814640746902225,0.38357424941414153,1.306799244253023,-2.1998693643577396,0.0020716224929695918,0.024719561959720106,-0.01856246848526003,0.002786562431485403,-0.05014700415722075,-0.007372983993123719,0.07315271823097726,0.04067781189538852,-0.052740994606233466,0.1617783053791204,0.8199999999995455,0.08809345121064226,0.06574874311251344,0.0012989052338525653,0.027300065383315086,1.6700737476348877,0.10000836104154587,3.0540480613708496,6.8736269895453e-5,-0.005358594004064798,0.003190184012055397,-0.0027082604356110096,-0.003488690359517932
1.2572278411294293,-0.030059061715444178,0.8319029951060828,1.223024254153504,0.02503837885433611,0.08000859339651639,0.5843971203328211,0.3851994747331684,1.3046723445955162,-2.193352485542854,0.0028567242843822597,0.024808736263129003,-0.01885410054143278,0.002825584566658265,-0.05033092648723574,-0.007415957483015785,0.07342921319887809,0.040586598983352505,-0.05346104695365438,0.1627705874438557,0.8599999999995234,0.08807730546531638,0.06569885841264168,0.0012992753181606531,0.027252128347754482,1.6700737476348877,0.09999638050794603,3.0540361404418945,7.216976518975572e-5,-0.007369403261691332,-0.0011655612615868451,-0.00019281326967757198,-0.0019343491876497865
1.2573364157141387,-0.029028866590360684,0.8326146077897987,1.2233915597084344,0.02493817132958134,0.07800251324260637,0.5873410218178615,0.38681924084846475,1.302518229825552,-2.186796560706789,0.0036193003216706825,0.024904886080609874,-0.019176535523723,0.0028659951768246583,-0.05051354901910606,-0.00745638400304616,0.073694182047212,0.040406168435709044,-0.054100641837508005,0.16375306016258961,0.8999999999995012,0.08804682773348156,0.0656445832163666,0.0012992753181606531,0.02725212834775448,1.6700737476348877,0.09999638050794601,3.0540361404418945,7.216976518975571e-5,-0.007369403261691332,-0.001165561261586845,-0.00019281326967757195,-0.0019343491876497865
1.2574754535157961,-0.027984777978793823,0.8333259555775056,1.2237591545982278,0.024837721677930382,0.07598885859605992,0.5902951430593556,0.3884301007800866,1.300340308061709,-2.180202348130343,0.004339456800654393,0.025006393562192395,-0.019523893657502452,0.002907728827737486,-0.050694595370007735,-0.0074944865100755,0.07393904453177748,0.04014277228088811,-0.05465073757153681,0.16470676065654183,0.939999999999479,0.08802760979598824,0.06560680060014015,0.0012994603021070361,0.027276096865534782,1.6700737476348877,0.09998439252376556,3.0540361404418945,-1.6537762348889373e-5,-0.005308840423822403,0.00168572214897722,-0.0031726201996207237,0.007709786295890808
1.2576429050754094,-0.026925927576066926,0.8340369735067766,1.2241270431193252,0.02473703284363621,0.07396770809504062,0.5932585215789684,0.39002888655978385,1.2981423314532416,-2.173571320598725,0.004999365564751949,0.025111460869976406,-0.019890149059683532,0.002950704496723138,-0.05087383255999932,-0.007530531743272607,0.07415610864807198,0.03980405991097299,-0.05510320205482246,0.16561459392726854,0.9799999999994569,0.08800449286688868,0.06556946279247368,0.0012994603021070361,0.027300545457286857,1.6700798882821166,0.09999050657165631,3.0540300605931527,-1.3011194494312121e-5,0.0009947555387275812,0.0007932800107161111,-0.0012812963703895041,0.0001420083344807698
1.2578360568527185,-0.02585169925751131,0.8347475991332483,1.2244952192651763,0.02463611005191118,0.07193914517187446,0.5962299093617142,0.39161275983513555,1.2959283561395654,-2.1669055837060367,0.0055837048091281994,0.025218139166099045,-0.02026920792355456,0.0029948284593129685,-0.051051079085741795,-0.007564821892331581,0.07433882173780593,0.039398813376151295,-0.05545098867650529,0.16646170898873835,1.0199999999994347,0.08796609090485687,0.06551474164135918,0.0012994603021070361,0.02732403390109539,1.6700857877731323,0.09999638050794601,3.0540242195129395,-1.3501994983980384e-5,0.005366328142256796,-0.0011759217615212507,0.001453006503880156,-0.003680519001341531
1.2580516387413878,-0.02476173149220204,0.8354577669728532,1.2248636674208753,0.02453496031944238,0.06990325585577838,0.599207822232843,0.3931792516293451,1.293702695087963,-2.160207781143219,0.006080008270729461,0.025324364836842285,-0.02065497974763098,0.0030399971687331633,-0.05122621108340643,-0.007597685596239796,0.07448195734087336,0.03893667196944587,-0.055688316602611275,0.16723578813909296,1.0599999999994125,0.08792764812400389,0.06543799629277718,0.0012998169842992104,0.027297483225048772,1.6700857877731323,0.09999595001445824,3.0540357123563875,3.686100793605542e-5,-0.008161778883868858,-0.0010213149484718594,0.008893982498887317,0.005600936539478369
1.2582859435930969,-0.02365591684137021,0.836167403636868,1.2252323632865092,0.0244335919181815,0.06786012646133201,0.6021905961171579,0.3947262909842498,1.2914698636113107,-2.1534809900042795,0.006478917842509729,0.025428002089189865,-0.021041436011020348,0.003086099992870682,-0.05139916653659336,-0.0076294685389433166,0.07458175022495504,0.03842785170922095,-0.05581085761248763,0.16792724238656465,1.0999999999993904,0.08790044628419372,0.06537877793858934,0.0012994938659451234,0.027256477241081163,1.6700857877731323,0.09999638050794601,3.0540361404418945,-4.3850525959426005e-5,0.005181017351938046,-0.0017350730007821842,0.001676037691041563,0.006666445589587788
1.2585349546946762,-0.02253439896533581,0.8368764240412285,1.2256012749754315,0.024332013805529205,0.06580984124981344,0.6051764446826596,0.3962522225072477,1.2892345175584319,-2.1467286119280993,0.006774329803850697,0.02552688922657767,-0.021422662623310294,0.0031330213672808895,-0.051569946789143235,-0.007660524022365823,0.07463584303310247,0.03788287687075726,-0.055815910262884974,0.16852924215772255,1.1399999999993682,0.08783760938074045,0.06530672066850526,0.0012997770256509811,0.02725212834775448,1.6700959930880788,0.09999638050794601,3.054025935126948,-3.1431517480995606e-5,-0.015012289404149433,-0.0038231930104113522,0.001485246759326007,0.0023294362948950934
1.2587944769490367,-0.02139756693848568,0.8375847288198919,1.2259703642409066,0.024230235046729894,0.06375248014195625,0.6081635155037608,0.39775581381872516,1.2870013850985795,-2.1399542634313224,0.0069634375176867895,0.025618888805000004,-0.021792920876744268,0.0031806432481494657,-0.051738616364036,-0.0076912037974726085,0.07464328628879778,0.03731234165387923,-0.055702549967053525,0.16903773544275766,1.179999999999346,0.08778085864489674,0.06523698767425229,0.0012994603021070361,0.027300065383315086,1.670061707496643,0.10000836104154587,3.0540120601654053,5.6719880376476794e-5,-0.0033559848088771105,0.002251883503049612,-0.0028878257144242525,-0.0015510650118812919
1.2590602677481932,-0.020246046792852922,0.8382922030713473,1.2263395877965504,0.0241282642577799,0.06168811654026673,0.611149945906538,0.39923625386899747,1.2847751928581186,-2.133161666992945,0.007046675770581617,0.025701939026935672,-0.0221467032764954,0.0032288473779170006,-0.05190530084230244,-0.007721849353483518,0.07460450379089457,0.036726692258055825,-0.055471759515705765,0.16945138597938103,1.2199999999993238,0.08774663215104656,0.0651754688607554,0.0012994603021070361,0.02732403390109539,1.6700737476348877,0.09998439252376556,3.0540242195129395,2.123794001818169e-5,-0.011206701397895813,-0.0068943970836699,0.004480656702071428,-0.0022305145394057035
1.2593281637089584,-0.01908069049418516,0.8389987165378134,1.2267088986830443,0.024026109087005,0.059616815326673255,0.6141339162886886,0.40069314305791204,1.2825605875522155,-2.126354546191087,0.007027572278296559,0.025774104016296658,-0.022478785037596653,0.0032775172361967737,-0.05207018283411179,-0.007752783899251257,0.07452120493396165,0.03613603543242821,-0.05512652304251345,0.1697714354269807,1.2599999999993017,0.08769942066708926,0.06510462610129651,0.0012994431646096338,0.027319592862624434,1.6700770829003355,0.09998661304300104,3.0540242195129395,1.4316878883024766e-5,-0.009103344836602965,-0.006173315876516253,0.0038919346265268323,-0.002099465353232141
1.2595941997391296,-0.01790256250822797,0.839704125209684,1.2270782476360445,0.02392377575216103,0.057538631093295406,0.6171136991805085,0.40212647627379056,1.2803620547634251,-2.119536527576447,0.006912515208463121,0.025833621032219253,-0.022784272607142816,0.00332653970007543,-0.05223349627459147,-0.0077843052287233155,0.07439626127154306,0.03554997574162325,-0.05467187459539813,0.17000150503360037,1.2999999999992795,0.08765917743097626,0.06505665411441727,0.0012992753181606531,0.027276096865534782,1.670109748840332,0.10000836104154587,3.0540242195129395,-5.346872057998553e-5,0.011497150175273418,0.0008890291792340577,-0.0018740711966529489,-0.0008159558637998998
1.2598547173029222,-0.016712924107477243,0.8404082742567764,1.2274475844143098,0.023821268647979368,0.05545360665469237,0.620087702818139,0.40353662000181906,1.278183836826064,-2.112711051443045,0.006710447734769273,0.02587894274119372,-0.02305864952899263,0.0033758064154080377,-0.05239551928885676,-0.00781667961958632,0.07423355685044125,0.034977481313649264,-0.054114894314046105,0.17014734849586807,1.3399999999992573,0.08761557693712049,0.06500275192068869,0.0012994603021070361,0.027276096865534782,1.670079171461136,0.09999097812886822,3.054041510566893,4.541191170730576e-5,-0.009362566159970937,-0.0015470983187323862,0.0032101077449471415,-0.002853502026987331
1.2601064592297448,-0.015513215583919514,0.8411110021080846,1.2278168590514562,0.023718590036028282,0.0533617718801646,0.6230545083316431,0.40492428461149,1.2760298520283482,-2.1058812932080273,0.00643250224108819,0.025908772853009937,-0.023297819584560554,0.0034252148810780146,-0.05255656589449973,-0.007850136870745468,0.07403781974276126,0.03442677636504897,-0.05346464662356931,0.17021656695209114,1.3799999999992352,0.08757327358579996,0.06494896931926693,0.0012993216019872088,0.027294068350916145,1.6700857877731323,0.09998439252376556,3.0540301848544615,-2.3861787287236116e-5,-0.004019508391099405,-0.006529765989212314,-0.0010828301680239423,-0.000838544172200762
1.2603466489375554,-0.01430503655641243,0.84181214543381,1.2281860230000368,0.023615739825444976,0.05126314287446419,0.6260128999303813,0.40629049284293395,1.2739036175281968,-2.0990500966826193,0.006091587851530719,0.025922093728048986,-0.023498146921328615,0.003474669254474171,-0.052716976828312424,-0.007884866541066654,0.07381444143807012,0.03390525780009493,-0.0527320568971449,0.17021829671039332,1.419999999999213,0.087535760028888,0.06490237300362565,0.0012995152026601742,0.027300065383315086,1.6700857877731323,0.09999216789242238,3.0540242195129395,-4.3008383885835994e-5,0.002269631332656368,-0.011632550928622375,-0.004615150835881275,-0.00048390329854276613
1.2605730525000045,-0.013090124587749878,0.842511544731252,1.2285550301423667,0.02351271544945795,0.04915772152480446,0.6289618877251717,0.40763654539144994,1.2718081784704922,-2.0922199201014995,0.005701945495696736,0.02591818496097605,-0.023656492717590172,0.003524080893823651,-0.05287710979389848,-0.007921015410267204,0.07356929030786645,0.03341943263951504,-0.05192972558603284,0.17016287987814857,1.4599999999991908,0.08749238982836209,0.06484788332530969,0.0012994400261255147,0.027300065383315086,1.6700857877731323,0.09998973119779439,3.054030831629933,-4.138655123405066e-5,0.003571113790862091,-0.006722597939680568,-0.0008845248128231289,0.0018925040932903357
1.2607840225548816,-0.011870332353365536,0.8432090501829193,1.2289238376487253,0.023409511839035276,0.04704549542162306,0.6319007230676132,0.4089639843561209,1.269746045775885,-2.0853927953842777,0.005278684765228183,0.025896632413537627,-0.023770247808786896,0.0035733686602740706,-0.05303732942786324,-0.007958686144552293,0.07330852498075617,0.03297487292402328,-0.05107168174018395,0.17006152745005346,1.4999999999991687,0.08746158774079153,0.06480345324680312,0.0012992753181606531,0.027300065383315086,1.6700857877731323,0.09998439252376556,3.0540361404418945,-4.387543594930321e-5,0.0028465059585869312,-0.0013722290750592947,0.0032261237502098083,0.004322143737226725
1.2609785236120739,-0.010647603629256774,0.8439045274432733,1.2292924066699447,0.023306121491554015,0.04492643815039087,0.634828906513144,0.4102745551883826,1.267719144931343,-2.0785703007367538,0.004837316431807445,0.02585732767582474,-0.0238373606156331,0.003622459009274734,-0.053197997275112416,-0.007997937115994665,0.07303841309415496,0.032576185007724426,-0.05017308101271476,0.16992598364856806,1.5399999999991465,0.08743582710950817,0.06478087089510774,0.0012994603021070361,0.02725212834775448,1.6700737476348877,0.09997241199016571,3.0540480613708496,3.3182965125888586e-5,0.005681817885488272,0.0038841478526592255,-0.00024728983407840133,0.006894890684634447
1.261156138856339,-0.009423948389357258,0.8445978630208415,1.2296607028577087,0.02320253462920557,0.042800509942085056,0.6377461887248125,0.41157016766354776,1.2657287778441633,-2.071753546367178,0.004393293743932849,0.025800458444319465,-0.023856359666602756,0.0036712859064407357,-0.05335946204937313,-0.008038783296880231,0.07276516046082827,0.03222699073063886,-0.049249856482942445,0.16976819942405647,1.5799999999991243,0.08741825399333894,0.06475762853501521,0.0012996037724302596,0.027270729618477308,1.6700830916365939,0.09999101326088855,3.0540295583971746,7.288202458613456e-5,-0.0009081135825096129,0.00023815256509141522,0.00479885519550569,0.0016000050155001663
1.2613170590410088,-0.008201417321269416,0.8452889689543,1.2300286967120437,0.023098739439100662,0.04066765866095884,0.6406525648259995,0.4128528563129275,1.2637755994254105,-2.064943172797876,0.00396157457261332,0.025726490776321827,-0.023826369995820492,0.003719790607171685,-0.05352205043438189,-0.008081198128998924,0.07249475514693214,0.031929918743499756,-0.048318333723426365,0.169600022043969,1.6199999999991022,0.08740205523191745,0.06472986000478237,0.0012996451696380973,0.027267923798498923,1.6700816821852151,0.09999638050794601,3.0540282844514715,2.605942508905511e-5,-0.002510995046580987,-2.843617662169108e-5,0.0026752023138779516,0.0016861638851977973
1.2614620545230761,-0.006982076083151952,0.8459777865321009,1.2303963637611295,0.02299472238476426,0.03852782110009696,0.6435482628767613,0.4141247407025897,1.2618596100568709,-2.0581393609988634,0.003556215207549498,0.025636144574552273,-0.023747122719916688,0.0037679213412710713,-0.053686058655310155,-0.00812511625335321,0.07223283024984643,0.03168660514453494,-0.04739482421726387,0.1694329066597552,1.65999999999908,0.08737198014554319,0.06470767397683491,0.001299619046824065,0.027255515233104273,1.6700737476348877,0.09999468653886681,3.0540395094294976,-7.415878766438644e-5,-0.0014022509096249143,0.0016707878233700219,-0.004088361683124341,0.004164224767783341
1.2615924318910134,-0.00576797963357834,0.8466642888715187,1.2307636845835712,0.022890468576949492,0.03638092454807235,0.6464337272826833,0.4153879859288399,1.2599801644893727,-2.051341853359164,0.0031900051830963646,0.025530363938504837,-0.02361895715239399,0.0038156329431750834,-0.05385174501995867,-0.008170436977649931,0.07198454825942098,0.03149770346634201,-0.046495213228153864,0.16927765466867842,1.6999999999990578,0.08735652084708655,0.06470353446719715,0.0012991063109099696,0.027253170618418823,1.6700852642078872,0.09998439252376556,3.054025774657232,-4.194398629899912e-5,-0.002152646094305793,0.007437103671761129,0.0027118396641215748,0.0031636429766345887
1.2617099769792395,-0.004561146970306171,0.8473484822491537,1.231130644687528,0.022785962190531122,0.0342268885839376,0.6493095980393296,0.41664476371773695,1.2581359970522812,-2.044549984344165,0.0028741509949762795,0.025410284165837217,-0.02344281490111785,0.003862886464866844,-0.054019323596077994,-0.008217028356385419,0.07175450879341379,0.03136290481522719,-0.045634559282628454,0.1691441826207362,1.7399999999990357,0.08734283730016593,0.0646995628129505,0.0012993625278608614,0.02725212834775448,1.6700857877731323,0.0999932133482184,3.05403299099779,-7.021306030974003e-5,-0.0038619197355981693,-9.198984183706946e-5,-0.001173096351610526,-0.0028460825207511273
1.2618168863448633,-0.003363536613556926,0.8480304061550192,1.2314972342643251,0.02268118691354147,0.032065627052867016,0.652176686762901,0.41789721455987006,1.2563252623657342,-2.037762719562504,0.002618014998875044,0.0252771971865115,-0.023220225514564586,0.0039096488021711185,-0.05418895915586611,-0.00826473176006226,0.0715466802700149,0.031280969523133875,-0.044826722345859306,0.1690413243991486,1.7799999999990135,0.0873345295789243,0.0646870384199584,0.0012994603021070361,0.02725212834775448,1.6700857877731323,0.09999638050794601,3.054022477739588,-7.965804979903623e-5,-0.004410653840750456,-0.002871491014957428,-0.002663667779415846,-0.005051164887845516
1.2619156895015955,-0.0021770231647542495,0.8487101321197652,1.23186344783645,0.022576126414252377,0.02989705017108693,0.6550359504549432,0.4191474113724875,1.2545455900863447,-2.0309787018809327,0.002428914191333398,0.02513251706914602,-0.022953283396895778,0.003955892356350458,-0.05436076348220571,-0.008313366814557637,0.07136435481297869,0.031249771952556953,-0.044084036464852754,0.16897666846576492,1.8199999999989913,0.08733049213748538,0.06467094237957466,0.0012992753181606531,0.02725212834775448,1.670073747634888,0.10003232955932619,3.0540242195129395,-2.782291812764015e-5,-0.0012322416296228766,0.006179387215524912,0.005499193444848061,0.005854175426065922
1.2620091643623321,-0.0010033752629080568,0.8493877614334545,1.2322292838209812,0.022470764812373645,0.027721066706334827,0.6578884638967444,0.42039732524681955,1.2527941516325478,-2.0241963031760726,0.002311981979905722,0.02497774697371035,-0.022644615901539093,0.0040015947426151445,-0.054534793094413496,-0.008362736597316792,0.0712101245035999,0.03126636005495492,-0.04341704015184833,0.16895643114616613,1.8599999999989691,0.08729863708359639,0.06467656818586218,0.001299290758621914,0.027276096865534782,1.670061707496643,0.1000063604086396,3.054033135450225,2.6995025236899787e-5,0.002404744288909492,0.012629499242726785,-0.002204028459653044,-0.0010359923538922223
1.2621002484356225,0.00015576475227640333,0.850063421929361,1.2325947440297251,0.022365087140985833,0.02553758617901112,0.6607353914735498,0.4216487938959704,1.251067736372033,-2.017413680292393,0.0022700944627643653,0.024814448571765825,-0.022297342736179514,0.004046738546493922,-0.05471104841495411,-0.008412632982460668,0.07108587613270248,0.03132703091303671,-0.04283427426768604,0.16898536625410668,1.899999999998947,0.0873059608795595,0.06469196138591601,0.0012994565022146358,0.027276096865534782,1.670061707496643,0.09998488487886092,3.0540008787639046,-5.607505943895406e-6,0.00643126280479261,0.005784929724631586,0.0008368095724938117,-0.004423040588384172
1.2621919483522992,0.00129889917938314,0.8507372640441173,1.2329598331266125,0.02225907978656012,0.02334652102942916,0.6635779591011552,0.42290349345525285,1.2493628344453502,-2.010628833779967,0.0023038611633570704,0.02464421455888207,-0.021915027063527912,0.004091311119321972,-0.0548894743633751,-0.008462842031051672,0.07099280098240483,0.03142742282150762,-0.04234215295544447,0.16906671082479235,1.9399999999989248,0.08731687415712783,0.06471153599570353,0.0012994603021070361,0.02725212834775448,1.670061707496643,0.09998439252376556,3.0540242195129395,-4.6537683374481276e-5,0.0065610348246991634,0.005301288794726133,-0.00037890506791882217,0.002725237049162388
1.2622872502674125,0.0024246910285423413,0.8514094563844343,1.2333245580615508,0.022152730895389442,0.021147788698131085,0.6664174267830082,0.4241629142911336,1.247675723266794,-2.0038396680078048,0.002411678610795984,0.02446864449102933,-0.02150161895186569,0.004135304396657161,-0.055069962330172494,-0.008513149325167344,0.07093141595793448,0.03156262353695742,-0.041944908682661784,0.16920216632223004,1.9799999999989026,0.08733200411771272,0.0647355927889301,0.0012992753181606531,0.027300065383315086,1.670061707496643,0.09998439252376556,3.0540361404418945,3.291643952252343e-5,-0.00046260474482551217,-0.003915421199053526,-0.0027833867352455854,-0.0068011293187737465
1.26238903358986,0.0035319775907405935,0.8520801810308631,1.2336889274979865,0.022046030735776552,0.01894131356908188,0.6692550621817851,0.4254283414387813,1.246002554788242,-1.9970440512840582,0.00258984363531397,0.024289323831843217,-0.021061392102457974,0.004178714719221554,-0.05525235345181157,-0.008563345145201575,0.07090159261193799,0.03172729324126997,-0.04164460813110886,0.16939191436823997,2.0199999999988805,0.08734702662149568,0.06475863247122494,0.0012994124115807062,0.02728229648808824,1.6700706333700304,0.09998439252376556,3.0540317216926933,-9.774821509038921e-6,0.003351441066596524,-7.040119368038715e-6,-0.0009130751021218093,-0.005507162220914897
1.2624999903394944,0.0046197813012642105,0.8527496287928363,1.2340529512493785,0.021938972006605575,0.016727028729624192,0.6720921154620567,0.4267008402071276,1.244339440818353,-1.9902398746604177,0.0028327217840843555,0.024107805835546642,-0.02059887503932896,0.004221542635499239,-0.0554364430790482,-0.008613229389619555,0.0709025912103603,0.031915799619865765,-0.041441231954528375,0.16963466575787842,2.0599999999988583,0.08735458393234019,0.06477203964547366,0.0012996451696380973,0.02725212834775448,1.6700857877731323,0.09998439252376556,3.0540242195129395,-8.225630881497636e-5,0.009826951660215855,0.006628633476793766,0.00226235156878829,-0.0033102568704634905
1.2626225522216725,0.005687317738597375,0.8534179946000395,1.2344166397374983,0.021831550084204305,0.01450487750628346,0.6749297955635375,0.4279812473644068,1.2426825340272687,-1.9834251081541208,0.0031329648899915434,0.023925595732140464,-0.02011877817114635,0.004263792668351686,-0.055621986304344936,-0.00866261613633031,0.07093309787484674,0.03212236137110977,-0.04133280864313088,0.16992774122272022,2.099999999998836,0.08738908317858068,0.06479480543800085,0.0012993206513415298,0.027294189677967675,1.6700646590477284,0.09998439252376556,3.054013550552587,3.013962515181787e-5,-0.005432943803718649,-0.004575415360381793,-0.004235797898662184,0.0024461769696045165
1.26275882724651,0.006734000649801155,0.8540854731775298,1.2347800034834349,0.0217237632009453,0.012274814741743589,0.6777692480059158,0.42927016815091107,1.2410281026939736,-1.9765978531887107,0.003481770587079864,0.023744136632705307,-0.01962591830689046,0.00430547303431851,-0.05580870439089631,-0.00871133774622244,0.07099126385593502,0.03234119554852492,-0.041315591084574596,0.17026718203276972,2.139999999998814,0.08743046917388808,0.06481722867689232,0.0012992753181606531,0.027300065383315086,1.670061707496643,0.0999947562565894,3.054022572043571,8.13991157111476e-5,0.0046156736807599665,-0.005684498914219738,0.00291289195502034,-0.0012660126355085277
1.2629105474109545,0.007759443948565012,0.8547522551106597,1.2351430526403289,0.021615612550702268,0.010036807785408315,0.6806115343085136,0.43056797916802125,1.2393725977233283,-1.969756390137543,0.0038691755084201943,0.02356479662377603,-0.01912514231243361,0.004346595312580072,-0.05599629192598273,-0.008759248413526623,0.07107474698401077,0.032566663490727364,-0.04138426392750519,0.17064788806268327,2.179999999998792,0.08747154137938226,0.0648427294872529,0.0012993274426735878,0.027300065383315086,1.6700651001496487,0.09999638050794601,3.05402079326931,5.154236580050805e-5,0.004843913505282331,-0.00483032128256325,0.0034420966765867605,-0.0029824950832863157
1.2630790286141094,0.008763460691091587,0.8554185233651992,1.2355057965752327,0.02150710231815456,0.007790837177745322,0.6834576131269373,0.4318748369757201,1.2377127109277335,-1.9628992199559638,0.004284373071248576,0.023388856649288105,-0.01862125162589774,0.004387174069527914,-0.056184424505541,-0.00880622707557597,0.07118075616307028,0.032793409788093225,-0.04153217041407366,0.17106378038543332,2.2199999999987696,0.0875093147817396,0.06488741856203674,0.0012994603021070361,0.027300065383315086,1.6700737476348877,0.09999638050794601,3.0540120601654053,-3.876373375533148e-5,0.0005599581054411829,-0.0028353005181998014,0.0015726486453786492,-0.005553462076932192
1.2632651436003206,0.009746059095628961,0.8560844502918119,1.235868243506212,0.021398239630957522,0.005536897016864085,0.6863083232550663,0.4331906920092661,1.2360454239973155,-1.9560250990129646,0.004716046190596455,0.023217498957625156,-0.01811892930443541,0.004427226453141861,-0.056372766745503844,-0.00885217960687488,0.07130610030331899,0.03301648881035792,-0.04175154871110012,0.17150798482041996,2.2599999999987475,0.08754006452273738,0.06491766438657409,0.0012994424681696034,0.0272954438682614,1.6700749084008695,0.09999638050794601,3.0540155309706183,-3.2121272829268454e-5,0.00134007720566773,-0.0022146987548461207,0.0014767109677358604,-0.005008007088196543
1.2634693083315365,0.010707435731419761,0.8567501951147479,1.236230400199641,0.021289034435976375,0.003274995004269142,0.6891643687013249,0.43451530721499276,1.2343680479461332,-1.9491330663833561,0.005152704995524896,0.023051796088509026,-0.017622671159519036,0.0044667717777118225,-0.056560980409137304,-0.008897040239297754,0.07144724327037281,0.03323147378014097,-0.04203376962564731,0.17197303219925275,2.2999999999987253,0.08756683422479254,0.0649692710047518,0.0012992753181606531,0.02725212834775448,1.6700857877731323,0.09999638050794601,3.0540480613708496,3.0135724955471233e-5,0.00865180604159832,0.0036019410472363234,0.000577527389395982,0.00010431354166939855
1.2636914817928702,0.011647966059689888,0.8574159018836653,1.2365922717316633,0.021179499303023087,0.0010051521752045154,0.692026306108831,0.4358482806201132,1.2326782531069833,-1.942222463037446,0.00558301966709425,0.022892700560649185,-0.017136722363105466,0.00450583112302053,-0.05674873243875877,-0.008940772171334828,0.07160036625370447,0.03343454419142447,-0.042369569618804975,0.17245107048046,2.339999999998703,0.08759537690426958,0.06499275721747712,0.0012994185410459757,0.02725753936181339,1.6700737476348877,0.09998709887179814,3.054045370160873,-4.654107602085446e-6,-0.00408220899286756,-0.0007504291492721445,0.0037105322067037356,-0.0023817985183360066
1.2639311788457506,0.0125681925607714,0.858081697855172,1.2369538613167401,0.021069649161733428,-0.001272597672788881,0.6948945348362243,0.4371890709049232,1.2309740899527581,-1.9352929425647056,0.005996138874645525,0.02274103557256913,-0.016665020688224362,0.004544426972514922,-0.0569357026851412,-0.008983367353731345,0.07176143846729864,0.03362254847546578,-0.04274927494719448,0.1729340833090198,2.379999999998681,0.08762986820610567,0.0650055005726003,0.0012995662902198519,0.02726586996020497,1.6700600102939984,0.09998439252376556,3.0540274211870257,2.407468380678955e-5,-0.002756161782890368,-0.007765724886207814,0.00043598781430971394,0.002143868243195975
1.264187495373798,0.013468810725716006,0.8587476922662131,1.2373151702051741,0.020959500979332902,-0.003558208831795159,0.6977692900385777,0.4385370249477339,1.229254001156923,-1.9283444732862352,0.00638198494250043,0.02259748712968655,-0.016211147301214236,0.004582582912283999,-0.05712159113870631,-0.009024845465411843,0.07192629637062023,0.033793040120149324,-0.043163014354585715,0.1734141092354361,2.419999999998659,0.08767887801138476,0.06502540327409605,0.0012995152257459105,0.027292944402105675,1.6700750919132616,0.10000124006033646,3.054020607003977,-8.530994477042847e-6,0.0017342361588156118,-0.007681789273119939,-0.00019479983649881754,-0.0005399843744433755
1.2644591446292224,0.014350653226394134,0.8594139754633334,1.237676197650199,0.020849073388863982,-0.005851624787683624,0.7006506390784173,0.4398914062691584,1.22751682538502,-1.921377331841157,0.006731517805257906,0.02246259805242667,-0.015778285765303164,0.004620323407268668,-0.057306124483117726,-0.009065252120798832,0.07209073073905568,0.03394428684799583,-0.043600918884217736,0.17388345562830532,2.4599999999986366,0.08770958019114856,0.06504721000493524,0.0012995714096857782,0.027285660019856627,1.6700713152413642,0.1000011605987603,3.0540313841326263,-6.438262827305636e-6,0.004382282999428273,0.0012678937087479305,0.001691311908556626,-0.0022503257685348764
1.264744503388698,0.015214672600492286,0.860080618357827,1.2380369409433294,0.02073838627874942,-0.00815277954164726,0.7035384813943479,0.4412514233085128,1.225761793345183,-1.9143920887317276,0.007036960442570546,0.02233676405865799,-0.0153691892010422,0.004657673575600493,-0.05748906171296734,-0.00910465638162193,0.0722505563634171,0.03407525297312164,-0.044053308985704226,0.17433487870657,2.4999999999986144,0.08775011197264056,0.0650450692370675,0.001299462106648329,0.027276096865534782,1.6700854862093009,0.09999638050794601,3.0540361404418945,-6.801748703949947e-6,0.0022464934696752826,-0.004937388412816379,-0.00025606087512840465,-0.00385530478687059
1.2650416661774224,0.016061922879880258,0.8607476721250381,1.2383973955044034,0.020627460352154823,-0.010461599095893809,0.7064325486558052,0.4426162565765126,1.2239885167486027,-1.9073895889888668,0.007291976349267584,0.02222023147636236,-0.014986166464497427,0.0046946589015107705,-0.05767019834557941,-0.009143147742134474,0.07240159689016065,0.03418556696056272,-0.04451085490488412,0.17476169466064584,2.5399999999985923,0.08778329167414681,0.06504514156809817,0.0012992753181606531,0.027276096865534782,1.670109748840332,0.09999638050794601,3.0540361404418945,-6.317135557765141e-5,-0.00122003722935915,-0.009406222961843014,-0.004095317330211401,-0.006175538524985313
1.265348505795584,0.016893541271163538,0.8614151679821438,1.2387575550557135,0.02051631669423378,-0.012778003091892545,0.7093324135352056,0.44398508449087865,1.2221969714243262,-1.9003709216493825,0.00749181005837877,0.022113102778260136,-0.014631088877404596,0.004731307011618161,-0.05784937158387251,-0.009180832502737827,0.0725401519364001,0.03427547636684953,-0.04496472577156141,0.1751582201020084,2.57999999999857,0.08781527285933244,0.06504828702186737,0.0012994603021070361,0.027300065383315086,1.670049786567688,0.09998439252376556,3.0540242195129395,-9.290293382946402e-5,0.004336975049227476,-0.009673078544437885,0.0003071092942263931,0.003725046291947365
1.2656627385571944,0.01771072925136602,0.862083117404586,1.2391174118838715,0.020404976351264075,-0.015101906575648485,0.712237510874855,0.4453571059219467,1.220387473509598,-1.8933373784654275,0.00763337759727861,0.022015340501081157,-0.014305353388988577,0.004767647077137075,-0.05802646265370525,-0.009217829654171984,0.07266300090781286,0.03434573578216162,-0.04540676947031253,0.1755198053734218,2.619999999998548,0.08784950062143393,0.0650563175184671,0.001299309269413406,0.027290283747824017,1.670049786567688,0.09998928486181502,3.054029084485518,1.6972656249824054e-6,0.00463482558387723,-0.0040942126680862416,0.0007388091091671558,0.0027215675444648302
1.2659819919869735,0.018514732516766514,0.8627515128823575,1.2394769571160003,0.02029345989113038,-0.017433221780372068,0.715147154436954,0.4467315584309212,1.2185606497411179,-1.8862904135020977,0.007715300534934992,0.021926772975048893,-0.014009866488709192,0.004803708935573135,-0.058201397536850184,-0.00925426664497531,0.07276731199814873,0.03439750917873097,-0.04582962954891803,0.1758428347043513,2.6599999999985258,0.08788251008518784,0.06508687235227674,0.0012991307345609584,0.027276096865534782,1.6700471510924717,0.09999638050794601,3.0540413592046995,0.0001035541592172423,0.0020966203131504357,0.004144020062823338,0.0003936250122923674,0.0004447840760366709
1.2663038728597413,0.019306820853525298,0.8634203290321902,1.2398361810168883,0.020181786974603263,-0.01977185989412881,0.7180605529355291,0.4481077327693641,1.216717403523005,-1.8792316013933494,0.007737889469780855,0.02184710457521229,-0.01374505063619501,0.004839522923321294,-0.058374146994311066,-0.00929027510735153,0.07285067486390716,0.034432277967463364,-0.04622684395849862,0.17612477836912618,2.6999999999985036,0.08791479364984715,0.06510479855263096,0.0012992753181606531,0.027276096865534782,1.6700377464294434,0.09999638050794601,3.0540599822998047,-2.258245149278082e-5,-0.008502488024532795,0.004668141249567269,-0.0030724613461643453,-0.0024862978607416153
1.2666260336102884,0.020088268591966593,0.8640895240079263,1.2401950733098133,0.020069975960314814,-0.022117732779519436,0.7209768281151693,0.4494849837148218,1.2148588773337732,-1.8721625936708504,0.0077030796516599455,0.021775929165014637,-0.013510862473568891,0.004875119943769493,-0.05854472559409376,-0.0093259866510953,0.07291116277409292,0.034451749883388554,-0.046592928491826474,0.17636423452231018,2.7399999999984814,0.08793395040245242,0.06511244432240829,0.001299427397815904,0.02729580194801452,1.6700574453866255,0.09999638050794601,3.0540305808711743,2.986790984044594e-5,0.0069293563633192,-0.0017154555888210235,-0.0068790962772884755,-0.0016361917294440728
1.2669462352740968,0.02086033604919708,0.8647590411863687,1.2405536235141688,0.019958043557119227,-0.02447075460797632,0.7238950353713509,0.4508627373150917,1.2129864122240313,-1.8650850739236382,0.0076143226335773605,0.021712745709277184,-0.013306819268000744,0.004910531602589636,-0.05871318972357136,-0.00936152884465151,0.07294739503167795,0.034457770777043845,-0.04692343848836194,0.17656094530443936,2.7799999999984593,0.08794363803714023,0.0651167221840367,0.00129934941908084,0.0272928840418563,1.6700545283874944,0.0999927887210616,3.0540313629051274,4.0473999803896984e-5,0.008156803282053239,0.0014928187581313445,-0.0048362894111631475,-0.0009852518027518144
1.2672624052964838,0.021624252258889774,0.8654288111038744,1.2409118212899204,0.019846004533126356,-0.02683084337306458,0.7268141866736355,0.4522404947060309,1.2111015053523448,-1.8580007128975617,0.00747643889373261,0.021656975208476464,-0.013132031723567259,0.0049457903356381035,-0.05887963465193299,-0.009397021497569344,0.0729585885221851,0.034452241695823414,-0.0472150053403124,0.1767157830120577,2.819999999998437,0.08794280528103877,0.06512262604404673,0.0012990902177989483,0.027276096865534782,1.6700377464294434,0.09998439252376556,3.0540480613708496,3.873905734508298e-5,0.003221123944967985,0.012221148237586021,0.0018642802024260163,0.00010643334098858759
1.2675726887637873,0.022381199217070803,0.8660987536101541,1.2412696567777033,0.01973387148764569,-0.02919792225109003,0.729733275227619,0.45361783275896667,1.2092057666063514,-1.8509111247367434,0.007295437264819049,0.021607978174960903,-0.012985241710135384,0.0049809294818301325,-0.05904419074578241,-0.009432573346335538,0.0729445923848954,0.03443704339070989,-0.04746534609391902,0.1768307054883967,2.859999999998415,0.08792569583258217,0.0651293477917011,0.0012994603021070361,0.027324033901095387,1.6700137853622437,0.09999638050794601,3.0540361404418945,2.5901577828335576e-5,-0.007452727295458317,-0.0009675707551650703,0.0013040704652667046,0.0034356452524662018
1.2678754918582231,0.023132297812367142,0.8667687801956092,1.2416271209229868,0.019621654689519437,-0.03157192078224418,0.7326513011178727,0.4549944018904886,1.2073008754010985,-1.8438178255710185,0.007078307710001616,0.0215650719182253,-0.012864863590561998,0.0050159832647860315,-0.059207018964195675,-0.009468279228525726,0.0729059019396899,0.034413969937412046,-0.04767324554051073,0.17690868147821598,2.8999999999983928,0.08792634171535446,0.06515151877626033,0.0012994603021070361,0.02732284261636249,1.6700134891148746,0.09999638050794601,3.0540358441945252,2.4772905322245297e-5,-0.007031768648276442,-0.0012872310586559852,0.0013264171391485348,0.0032777939557573402
1.268169516609707,0.023878595553425874,0.8674387964385565,1.241984205772933,0.019509361982774608,-0.033952775851045204,0.7355672970510686,0.4563699214246848,1.2053885387512664,-1.8367221956011293,0.006832794463295417,0.021527546973280968,-0.012769027925557013,0.005050986656369555,-0.059368305775973844,-0.0095042178103842,0.07284364955657786,0.03438467265159899,-0.04783851114514052,0.17695358788202029,2.9399999999983706,0.08794335837263095,0.06515145314024404,0.0012993881997788227,0.027276096865534782,1.6700158503791735,0.10000105023406376,3.0540242195129395,2.067675378154336e-6,0.008129855776035349,-0.007478501594153411,-0.0004976425349861651,-0.0015960295921243373
1.2684537863039593,0.024621056155242096,0.8681087045099825,1.2423409047352933,0.019396998758157178,-0.036340432450758485,0.7384803532559889,0.4577441729348974,1.2034704516805859,-1.829625445736312,0.0065671567963852045,0.021494682104706845,-0.012695626448869412,0.005085975105413993,-0.059528257653011424,-0.00954044991173855,0.07275957165523832,0.03435061498147814,-0.0479619021180802,0.17697008191737315,2.9799999999983484,0.08795437288215276,0.0651473885038948,0.0012993949052871833,0.027291591865098674,1.6700455300537191,0.09999286604198197,3.0540396326303174,3.58584729838185e-5,0.006005839444696903,0.008010839811007395,-0.004726164508610964,0.0004708844644483179
1.268727661197402,0.02536055100102518,0.8687784056668795,1.242697212789873,0.019284567987007818,-0.03873484422259575,0.7413896405946293,0.459116992010174,1.2015482609599462,-1.8225285897009869,0.006289924687922096,0.021465757445680318,-0.012642357336860104,0.005120984126069888,-0.05968709529989814,-0.009577017450686091,0.07265595251620456,0.03431303861608133,-0.048045034901003966,0.17696345216490908,3.0199999999983262,0.08795948186775235,0.06514628429494708,0.0012993777083167724,0.02727866189648085,1.6700283897340982,0.09997904331536808,3.054042738775429,2.5797409701733575e-5,0.003036058294059982,0.006754148689876096,-0.001808026099932708,0.003149193961485981
1.2689908444766669,0.026097852457643272,0.8694478026616452,1.2430531266447684,0.019172070312235074,-0.04113597376663444,0.7442944309946249,0.4604882588932682,1.199623533055741,-1.815432422353454,0.006009656468309541,0.021440065476676325,-0.012606769937217143,0.0051560487516322615,-0.05984504778115468,-0.009613943009689567,0.0725355470025006,0.03427294067242767,-0.048090268270744835,0.17693945330395525,3.059999999998304,0.0879767224557802,0.06515459963285054,0.0012992753181606531,0.02725212834775448,1.6700018644332886,0.09997241199016571,3.0540361404418945,1.3324875908438116e-5,-0.0006455302936956286,0.0014374114107340574,0.0018095418345183134,0.006469449959695339
1.2692433786757864,0.026833628991066262,0.8701168019949658,1.2434086448315806,0.0190595041897397,-0.04354379272737638,0.7471941144228443,0.46185788842522196,1.1976977270245945,-1.8083375047563945,0.005734705113650629,0.0214169197008978,-0.012586308261173218,0.005191202870558221,-0.06000234670403438,-0.009651230005361975,0.07240148553928963,0.03423106152473101,-0.0481005721000172,0.176904129980958,3.099999999998282,0.08797229454135869,0.06515149937869029,0.0012992753181606531,0.027300065383315086,1.6700018644332886,0.09999638050794601,3.0540242195129395,-7.355978596024215e-5,-0.006319189909845591,0.0012950514210388064,-0.0006723591941408813,0.0017967341700568793
1.2694856330199755,0.027568442003214833,0.8707853159433963,1.2437637677360962,0.01894686607272478,-0.04595828166255174,0.7500882117747746,0.4632258197092318,1.195772172914673,-1.801244156314966,0.00547299929287968,0.021395661021059772,-0.012578352673311996,0.005226478470843459,-0.060159220606904484,-0.009688863426908726,0.07225716569798935,0.034187882611460864,-0.048079384496914256,0.17686363566518107,3.1399999999982597,0.08796380882490146,0.06514274192642092,0.0012992753181606531,0.027279902640382304,1.6700018644332886,0.09999638050794601,3.0540442757073394,-2.6647044781097515e-5,0.013229899675406618,-0.002776328327797622,-0.0002891943771615742,0.0023442955998254143
1.2697182823951114,0.028302744292723878,0.8714532643003352,1.24411849756338,0.01883415063077806,-0.04837942970899004,0.7529763832430222,0.4645920058763888,1.1938480560345641,-1.7941524540629232,0.005231844561728743,0.021375661954291806,-0.012580259326815562,0.005261904826308062,-0.06031588969130503,-0.009726811093354605,0.07210613542086249,0.034143633392726025,-0.04803046252212952,0.17682405250559458,3.1799999999982376,0.08795256776738009,0.0651344302985482,0.0012990902177989483,0.027276096865534782,1.6700018644332886,0.10002034902572632,3.0540242195129395,-7.334696420002729e-5,0.006369058508425951,-0.0022152874153107405,-0.007694097701460123,-0.0019628452137112617
1.269942278841678,0.029036880028378228,0.8721205757799698,1.244472838238693,0.01872135099541095,-0.05080723406402223,0.7558584319377353,0.46595640430034957,1.191926407237171,-1.7870622389407151,0.005017749277221694,0.02135632893026903,-0.01258939698681957,0.005297507663171367,-0.0604725610204133,-0.009765025367561648,0.07195197326934125,0.03409830651945652,-0.04795773191630341,0.17679121810111734,3.2199999999982154,0.08793882307404216,0.06512696976772762,0.0012992753181606531,0.027300065383315086,1.6700258255004883,0.09999638050794601,3.0540361404418945,4.713538510259241e-5,-0.0075365700758993626,0.004091332200914621,0.002811137354001403,-0.0043607731349766254
1.2701588166371458,0.029771086114421336,0.872787189047358,1.2448267952480332,0.018608459023871853,-0.05324169930482572,0.7587343027481442,0.46731896756885094,1.1900080991485131,-1.7799731286822127,0.004836278908115169,0.0213371029966601,-0.012603180960258514,0.005333308347331774,-0.06062942428846307,-0.009803445255735864,0.07179817107921954,0.03405168020388812,-0.047865141239602144,0.17677056473911604,3.2599999999981932,0.08792821599213158,0.06510886285966454,0.0012994603021070361,0.027300065383315086,1.6700258255004883,0.09999638050794601,3.0540120601654053,-3.940907845390029e-6,0.0012313482584431767,-0.000737263064365834,0.0003104465431533754,0.008049560710787773
1.2703692921591712,0.030505494820535148,0.8734530533532382,1.2451803754242967,0.018495465573456205,-0.05568283657131259,0.761604076644203,0.4686796354785472,1.1880938480602583,-1.7728845367183612,0.004691941470046329,0.021317459303134296,-0.012619103909501151,0.005369323132015245,-0.06078664824535035,-0.009841998814583787,0.0716480240797512,0.03400334673539188,-0.04775652553065261,0.17676697606680059,3.299999999998171,0.08789786511921636,0.06509693342437736,0.0012994603021070361,0.027300065383315086,1.6700258255004883,0.09999638050794601,3.0540120601654053,-3.940907845390029e-6,0.0012313482584431767,-0.000737263064365834,0.0003104465431533754,0.008049560710787773
1.2705752598120927,0.031240137545151838,0.8741181287685639,1.245533586686938,0.018382360779102547,-0.058130662640506994,0.764467960808206,0.4700383282767425,1.186184221010579,-1.7657956963250954,0.004588105847004126,0.021296905751055972,-0.012634763373146476,0.005405562502145822,-0.06094437783890372,-0.009880605784374446,0.07150453292556616,0.03395274605596872,-0.0476354840524892,0.17678466537072937,3.339999999998149,0.08787109773036555,0.06508751136841695,0.0012994603021070361,0.027300065383315086,1.6700258255004883,0.09999638050794601,3.0540599822998047,8.718050958123058e-5,0.00015419440751429647,0.013323505409061909,0.0016357791610062122,0.0018589940154924989
1.2707783853507095,0.03197494957820866,0.8747823860300864,1.2458864377445151,0.018269134327776392,-0.060585198921856785,0.7673262751482316,0.4713949413297061,1.1842796474095496,-1.7587056890963861,0.004526953798462407,0.021274981183773668,-0.012647885855413363,0.005442030646339634,-0.06110273211479373,-0.009919180364685486,0.07137032126119366,0.03389920328802479,-0.04750527594726776,0.1768270786972646,3.3799999999981267,0.08784509251844648,0.06508266854850955,0.00129930665858116,0.02726024995442194,1.6700258255004883,0.10001628822239259,3.0540500810430085,5.907254029269961e-5,-0.002148740832549109,-0.003823114786099868,-6.016548978649152e-5,-0.0023243315560458836
1.2709803979489367,0.03270977572797378,0.8754458060237076,1.2462389377705847,0.01815577572391172,-0.06304647040354731,0.7701794358708247,0.4727493413525859,1.1823804344300077,-1.75161347671619,0.00450946551684971,0.021251253457225273,-0.012656347380501726,0.005478725080379866,-0.06126180289146891,-0.009957634050323108,0.07124757145944541,0.033841969089082734,-0.0473687367224026,0.17689682500361883,3.4199999999981046,0.08781890738427199,0.06508070628324092,0.0012992753181606531,0.02725212834775448,1.6700258255004883,0.10002034902572632,3.0540480613708496,5.333903754944913e-5,-0.002618496771901846,-0.007320706266909838,-0.0004061066429130733,-0.003177652135491371
1.271183042337995,0.033444376676020356,0.8761083789460288,1.2465910960640507,0.018042274541014834,-0.06551450457966039,0.7730279368750517,0.4741013642906312,1.180486785287542,-1.7445179349382967,0.00453543771341905,0.021225317678726416,-0.01265819044439739,0.005515636438014536,-0.06142165420546358,-0.009995878447560516,0.07113798012228549,0.03378026169283126,-0.04722821750089596,0.1769956344407641,3.4599999999980824,0.08779414403047127,0.06505215875111824,0.0012994603021070361,0.02725212834775448,1.6700258255004883,0.09998439252376556,3.0540361404418945,3.388316326891072e-5,0.004184536170214415,0.0027914189267903566,0.005144498776644468,0.00044623686699196696
1.271388032281789,0.03417843592466267,0.8767701031958923,1.2469429217052386,0.017928620655296504,-0.06798933038698007,0.7758723297724204,0.4754508148956007,1.1785988194763224,-1.7374178886611158,0.004603532390247245,0.021196794839962344,-0.01265163733701962,0.00555274843655917,-0.061582322501504194,-0.010033827995201082,0.07104273387899088,0.03371330948568064,-0.04708554795288825,0.17712434479140027,3.49999999999806,0.08776700240801721,0.06504031639016453,0.001299445514432325,0.027323076177040363,1.6700488291413402,0.09998439252376556,3.0540356641103785,4.4873504175530774e-5,-0.008149410575837231,4.54774659754294e-5,-0.0009541493481683456,0.003685874289510848
1.2715970065687723,0.034911567202449124,0.8774309840564208,1.2472944232187217,0.0178148044580057,-0.0704709771784653,0.7787132033384662,0.47679746799519357,1.176716594010668,-1.7303121470040086,0.00471135371849491,0.021165331004620272,-0.01263509985409549,0.0055900380166634305,-0.06174381752257721,-0.010071402520822696,0.07096250502609071,0.033640392966932414,-0.046942022845624785,0.17728291506916333,3.539999999998038,0.08774392463122842,0.06503029213855412,0.001299122766919603,0.0273021734277798,1.67002793288967,0.09998439252376556,3.054025267965269,1.9742527087552053e-5,0.001340780336367262,-0.004256989662609343,0.0029061690816932217,-0.004161518584707042
1.2718114885837126,0.035643322195807535,0.8780910322338097,1.247645608253228,0.017700817043796974,-0.07295947375794652,0.7815511631656619,0.4781410714075352,1.1748401247430615,-1.7231995373493743,0.004855549802797736,0.021130597147074753,-0.01260718547101362,0.005627475648202907,-0.06190612383797887,-0.010108529569701012,0.0708974656798411,0.03356088495459418,-0.04679841125693269,0.17747046437334893,3.579999999998016,0.08773276751011161,0.06500487497177332,0.0012992135289293678,0.027300065383315086,1.6700178045380025,0.10000035999673401,3.054040102606971,2.092279381641173e-5,-0.0010492008921953416,-0.002747755116166162,0.0004134746381172481,0.0008895804512144584
1.2720328503832985,0.036373198478967486,0.8787502623219713,1.2479964832880361,0.01758665037321433,-0.07545484749757927,0.7843868122192513,0.4794813504079196,1.172969406883405,-1.716078937405559,0.005031935581448992,0.021092289679992094,-0.012566700109074158,0.005665025787952982,-0.06206920293275158,-0.010145146452155888,0.07084731839347627,0.03347428793353748,-0.046654986731586544,0.17768533332181713,3.6199999999979937,0.08772364983219429,0.06497052544596102,0.001299563391000954,0.027300065383315086,1.6700085119790928,0.09998439252376556,3.054040039662392,-2.5066343919991312e-5,8.567847544327378e-5,0.009696322748523015,0.0029547992794617733,-0.005245118304703834
1.2722622820412082,0.03710064752003183,0.8794086912621082,1.248347053373963,0.017472297407941376,-0.07795712355609805,0.7872207329042997,0.4808180136120715,1.1711044339261292,-1.7089493044636097,0.005235632702371791,0.02105013165808127,-0.012512647685882611,0.005702647469727212,-0.06223299577014655,-0.0101812019642369,0.07081134065186724,0.03338026750319203,-0.046511576043239196,0.17792516477768344,3.6599999999979715,0.08769315271397486,0.06492454327142241,0.0012996045800920159,0.027300065383315086,1.6700164288970132,0.0999817620758019,3.05402421951294,-4.2567555210053416e-5,8.567847544327378e-5,0.011418544748597648,-0.0014225817026943116,-0.005360633076830712
1.2725007668560124,0.03782508264879157,0.8800663368636681,1.248697321915601,0.017357752218106072,-0.08046632421209066,0.7900534711411535,0.48215076010026586,1.1692452142951633,-1.7018097011592659,0.005461221933463702,0.021003874603482155,-0.012444226703199434,0.005740295004121903,-0.06239742573008336,-0.010216657746573285,0.07078844030445543,0.03327868097167976,-0.04636762376383131,0.1781870001566474,3.6999999999979494,0.08766547781766915,0.06486718495302436,0.0012994603021070361,0.027300065383315086,1.6700258255004883,0.09997241199016571,3.0540242195129395,-1.7918875528266653e-5,8.567847544327378e-5,0.0020241953898221254,-0.006672023329883814,-0.0021482708398252726
1.2727490620130455,0.03854589136461924,0.8807232198652171,1.24904729026988,0.017243009993816415,-0.08298246850505152,0.7928855180090685,0.48347936422959026,1.1673918761725013,-1.6946593223616353,0.005702803098579117,0.020953771190448854,-0.01236115198549559,0.005777899299526973,-0.06256241610915526,-0.010251508254746619,0.07077667565183332,0.03317743008009428,-0.04621303689308154,0.17846683810946695,3.739999999997927,0.08763251186145454,0.06481895871993265,0.0012991172376944026,0.027322283957013818,1.6700258255004883,0.09999463056386444,3.0540352700935793,3.667826366075593e-5,0.005596085422208668,-0.012362994330777846,-0.0023129079073787116,0.0010280130933279664
1.2730076758004365,0.03926248674100805,0.8813794033320045,1.2493969549255008,0.017128066354068338,-0.0855055736675194,0.7957172051676341,0.48480451657883833,1.165545615991919,-1.6874975923332802,0.0059538132103278615,0.020901785094428107,-0.012264064877154233,0.0058153166557861,-0.06272791640898927,-0.010285832378427806,0.07076952840025415,0.03311069412432438,-0.04600980966576888,0.17875679693560131,3.779999999997905,0.08759393221731604,0.06477541419301289,0.0012992126269648675,0.02730025040469454,1.6700218431017542,0.09999241535970138,3.0540361404418945,5.0769628257791915e-5,0.0017883133443716693,-0.007962685118712716,-0.0008920646460674832,0.00043484106625844344
1.2732768566099462,0.039974306786841156,0.8820350114831769,1.2497463061646996,0.01701291713902657,-0.08803565485865135,0.7985485362212957,0.4861280097544247,1.163708740781048,-1.6803242867292616,0.006207836477241933,0.020849071133818436,-0.012152593910438159,0.005852430215720563,-0.06289382971821617,-0.010319695002006373,0.07075791095181806,0.03309681750546522,-0.045742747723241294,0.17904764447797264,3.819999999997883,0.08755830292431627,0.06473531381566652,0.001299549771463458,0.02725212834775448,1.6700080160536177,0.09998439252376556,3.0540361404418945,9.16771317739014e-5,-0.0016255417527824966,0.0030770968106845313,0.0031225251231667478,0.0005351148611635354
1.2735566068855324,0.04068077954710907,0.8826902094262911,1.2500953293289825,0.016897558765944367,-0.0905727237913689,0.8013791481011326,0.4874522066464004,1.1618839514184331,-1.673139537668891,0.00645893382679824,0.02079642760828185,-0.012026140231343527,0.0058891345306574545,-0.06306005005695198,-0.010353162233108587,0.07073261651644348,0.03314796175318682,-0.04540492574116235,0.17933070284689087,3.8599999999978607,0.08753685242856703,0.06470060631783735,0.0012996451696380973,0.02732403390109539,1.6700018644332886,0.09998439252376556,3.0540242195129395,-8.292507845908403e-5,0.0037668920122087,0.0002248894452350214,-0.005239939317107201,-0.0001083083261619322
1.273846704994962,0.04138131928342232,0.8833451977995346,1.2504440052089685,0.01678198823108144,-0.0931167887305842,0.8042083093347241,0.48877992468826453,1.1600741674189168,-1.665943810261355,0.006701798668877245,0.020744594860222256,-0.011884122909964243,0.005925326596460201,-0.06322647613552124,-0.010386310152333636,0.07068447235828232,0.03327476985069979,-0.04499227292741102,0.1795979545772347,3.8999999999978385,0.0875160374981354,0.06462590369178259,0.0012994603021070361,0.027300065383315083,1.6700258255004883,0.09999638050794601,3.0540001392364498,3.520999598549679e-5,0.003051586216315627,0.001418631407432258,-0.005003885831683874,-0.0019062411738559602
1.2741467340849126,0.042075327445607186,0.8840002102809613,1.2507923103872665,0.01666620307136879,-0.09566785478420395,0.8070349286397501,0.49011437720984347,1.1582824152906286,-1.6587378706954954,0.006931933243138075,0.02069426520743764,-0.011726017968433103,0.005960908236410073,-0.06339301594610762,-0.010419222039379216,0.07060473463540663,0.033486358556870086,-0.04450351906335723,0.17984237665502617,3.9399999999978164,0.08750514753607998,0.06457806006133682,0.0012994603021070361,0.027300065383315086,1.6700258255004883,0.09999638050794601,3.05400013923645,3.520999598549679e-5,0.003051586216315627,0.0014186314074322581,-0.005003885831683874,-0.0019062411738559604
1.2744561175048286,0.04276219509373736,0.8846555104574878,1.251140217733084,0.016550201337725518,-0.09822592433289924,0.8098575817178342,0.49145910795473385,1.156511717017286,-1.6515227391712652,0.007145799034085197,0.020646071627326443,-0.011551401302851524,0.0059957891187474655,-0.06355959079612822,-0.010451984432782398,0.07048556510117378,0.033790107735928394,-0.04394013407398228,0.18005833088409856,3.979999999997794,0.08749646056747201,0.06453805696220209,0.0012993050433710383,0.027279948384802116,1.6700459362456601,0.100016497506459,3.054030355380937,-8.238389522547677e-5,0.0024594889993780613,-0.002850927259310648,-0.006775478487448362,0.0019301016506481296
1.2747741594278144,0.04344130686407461,0.8853113878384021,1.251487697038509,0.016433981576344285,-0.10079099757299938,0.8126745558254959,0.49281791910026973,1.1547649852594932,-1.6442996287277503,0.007340927497869559,0.020600580186117434,-0.011359992399744587,0.006029889171006368,-0.06372613859797277,-0.010484683087855147,0.07032042974446545,0.03419155346403623,-0.0433060577363458,0.18024186758497351,4.019999999997772,0.08746700851780553,0.06444007550404153,0.0012994603021070361,0.027276096865534782,1.6700018644332886,0.10004431754350662,3.053988218307495,4.217347304802388e-5,-0.010428203269839287,-0.004340730141848326,-7.011245907051489e-5,-0.0009738425142131746
1.2751000889822177,0.04411204643890913,0.8859681532491961,1.2518347157564325,0.016317542808374372,-0.10336307314057327,0.8154839077851873,0.49419479725886073,1.1530449327034957,-1.6370698743849192,0.007515986579497169,0.02055828815574327,-0.01115169257870958,0.006063140170388607,-0.06389261617670561,-0.010517399073668474,0.07010436888828107,0.03469439131063992,-0.04260727182926063,0.18039090215583903,4.05999999999775,0.08744856353526727,0.0643750501288633,0.0012995151413381072,0.027268986827999032,1.670008972260679,0.10003720750597087,3.0540024339622756,1.4078269611166424e-5,-0.0058052055334685245,-0.005570036596903022,-0.0011609853064880808,-0.001501014684314292
1.2754331061122195,0.04477380330318493,0.8866261338974696,1.2521812397952943,0.016200884498629695,-0.10594214878006382,0.8182835300465281,0.49559384145391727,1.1513540006856708,-1.6298348577791368,0.007670802235210409,0.020519626879389293,-0.010926614444836159,0.006095486513665616,-0.06405900052053304,-0.010550205138193762,0.06983413025216721,0.035300567936930816,-0.04185127298337327,0.18050526110151124,4.099999999997728,0.08742430052991103,0.0643117572296967,0.0012996146503836395,0.02725212834775448,1.6700245077754978,0.10002100788822155,3.0540335049919136,-4.5082183800277996e-5,0.004600546724568753,-0.008277108460032911,-0.003329348951550717,-0.0024191655870765792
1.2757724274056166,0.04542598046431657,0.8872856683829562,1.2525272343276777,0.016084006506043674,-0.10852822202046507,0.8210712194604523,0.49701919610354484,1.1496943099706631,-1.62259593228079,0.007806336597818438,0.020484968060826815,-0.010685100876494569,0.006126885253770717,-0.06422528899448189,-0.010583162437194578,0.06950817406193419,0.03601043605211536,-0.04104650015328885,0.18058660908428678,4.1399999999977055,0.08740682752489486,0.06426160210772885,0.0012991291039608794,0.02725212834775448,1.6700035434149108,0.10003149006851504,3.0539915762707395,7.353230270890117e-5,-0.0042412167621071984,-0.004972476451054488,0.0033237708986182126,0.002859887221140923
1.276117330230957,0.04606800275392258,0.887947101883452,1.252872664574751,0.015966909011412483,-0.11112129082438629,0.8238447439922532,0.4984749910646567,1.1480676345286582,-1.6153543529627978,0.007924626307002415,0.020454632183621035,-0.01042773294913956,0.0061573055295192315,-0.06439149860069643,-0.010616317699889629,0.06912656843877948,0.03682294900373832,-0.04020176407254893,0.18063827615279654,4.179999999997683,0.08741167744604975,0.06425306205125106,0.0012993569464555528,0.02726940303465318,1.6700104561333315,0.10004096958768179,3.053996810007538,3.904296029755637e-5,-1.442830140883076e-5,0.006605489301757207,0.0034143960496084372,-0.0011090245248458438
1.2764671936963525,0.046699325309316794,0.8886107817008503,1.2532174965349612,0.015849592420934814,-0.11372135417961206,0.8266019034399353,0.49996528989517286,1.146475397428344,-1.6081112149424615,0.008028685983727142,0.020428897897436266,-0.010155327017029182,0.006186727532049106,-0.0645576644125449,-0.010649700884120414,0.06869079833396893,0.03773587414443082,-0.03932571751651674,0.18066500834675656,4.219999999997661,0.08743252712705653,0.06426715424523008,0.0012995584244161872,0.027276096865534782,1.6700265031998751,0.1000379546701394,3.05400013923645,2.496529585170126e-5,0.0020074057956939355,0.004138255132494477,0.005922908622794836,-0.002810779260471463
1.2768215351619783,0.04731944184134695,0.889277053301302,1.253561697632641,0.0157320572467842,-0.11632841260826152,0.8293405812064454,0.5014940467302782,1.1449186866016365,-1.6008674026630312,0.008122382868464798,0.02040801137464044,-0.009868921812442474,0.006215141153698915,-0.06472383733804336,-0.01068332335478843,0.06820351344689683,0.03874600783082871,-0.03842639544045023,0.1806726664173392,4.259999999997639,0.08744221148210396,0.0642404343942269,0.0012992753181606531,0.027300065383315086,1.6700977087020874,0.10016416013240814,3.053964138031006,-2.8075846785213798e-5,-0.0022340076975524426,-0.0015420636627823114,0.00568765914067626,0.003460528561845422
1.2771800412910213,0.04792789232708467,0.8899462569340632,1.2539052372695056,0.015614303968308003,-0.11894246857488586,0.8320587851963108,0.5030650715641977,1.143398287275652,-1.5936235517041886,0.008210289279374923,0.020392194820132246,-0.009569756889680389,0.006242544455928956,-0.06489008138281564,-0.010717176601776611,0.06766824046889021,0.03984937899329152,-0.037510843949654815,0.18066789694753635,4.299999999997617,0.08742551576114609,0.06422829205171209,0.0012992753181606533,0.027300065383315086,1.6705172061920168,0.10046376287937164,3.053724527359009,-6.448141357395798e-5,0.007309128530323505,0.0036548203788697724,0.0258396714925766,-0.005051068030297756
1.2775425928944653,0.04852426981470214,0.8906187248670872,1.2542480872690005,0.01549633287919005,-0.1215635267813229,0.8347546768884464,0.5046820032886816,1.141914727304618,-1.5863800237832493,0.008297519807245747,0.020381653501275816,-0.009259244047359895,0.006268942075793813,-0.06505647058579819,-0.010751231497633554,0.0670890831374802,0.04104143229691073,-0.03658484738927818,0.1806577981384362,4.339999999997595,0.08745785781382046,0.06422209461179298,0.0012992753181606531,0.027300065383315086,1.6705172061920166,0.10046376287937164,3.053724527359009,-6.448141357395798e-5,0.007309128530323505,0.003654820378869772,0.0258396714925766,-0.005051068030297756
1.2779092831005199,0.04910822608783414,0.8912947792367112,1.254590222209951,0.015378143927219567,-0.1241915943427439,0.8374265885897333,0.5063482895581262,1.1404683314380335,-1.5791368947009474,0.00838956027458975,0.02037658095347905,-0.008938933478958475,0.006294343707228566,-0.0652230858319629,-0.010785438078521361,0.06647044000426189,0.042317185788766004,-0.035652754332916196,0.18064961012196554,4.3799999999975725,0.08747551900832988,0.06421859288423563,0.0012992753181606531,0.02725212834775448,1.6706609725952148,0.1013745665550232,3.0533289909362793,3.16766781907063e-5,0.010842820629477501,0.017024846747517586,0.009841552935540676,-0.005587578285485506
1.2782804286703053,0.04967947594714295,0.8919747305013176,1.2549316196543845,0.015259736555069552,-0.12682668084928295,0.8400730306225423,0.5080671723667053,1.1390592805830884,-1.5718939534095389,0.008492095566718209,0.020377162204184725,-0.00861047216897121,0.006318762711216327,-0.06539001177063024,-0.010819725804809752,0.065816771154363,0.043671357459002864,-0.03471740240066595,0.18065044948408998,4.41999999999755,0.08746130212449799,0.06421827208274639,0.0012992753181606531,0.02725212834775448,1.6708530213101855,0.10164805003157285,3.053259186611308,6.009346304684679e-6,0.009639746923205246,0.01739307396738178,0.007584891904558402,-0.008123643598683195
1.2786565744765865,0.05023779978661539,0.8926588764655272,1.255272260265231,0.015141109540335115,-0.12946879831036145,0.8426926874599803,0.5098416780993653,1.1376876724196,-1.564650713016595,0.008610839180936853,0.02038357331912749,-0.008275559299172487,0.006342214302514829,-0.06555733338816194,-0.010854004319404838,0.06513227862957764,0.04509846586040965,-0.03378011845664287,0.18066698112743626,4.459999999997528,0.08750604043943848,0.0642200121054205,0.0012992753181606531,0.02725212834775448,1.6710565090179443,0.10193782299757004,3.053185224533081,-2.1186808226048015e-5,0.00836501456797123,0.017783233895897865,0.005193817429244518,-0.010810764506459236
1.2790384913548005,0.05078304466000167,0.8933475017031693,1.255612127820017,0.015022260842260738,-0.13211796098602388,0.8452844032486124,0.5116746113494184,1.1363535809538714,-1.5574064324692087,0.008751372690921055,0.02039597993729044,-0.007935911949137116,0.006364714503818522,-0.06572513313389472,-0.010888164635410496,0.06442072614771621,0.0465929161109806,-0.03284077457314121,0.18070522779740486,4.499999999997506,0.0875224577383168,0.06422203238805764,0.0012992753181606531,0.027300065383315086,1.671535849571228,0.10221345722675323,3.052813768386841,-2.1609916075249203e-5,0.0028759790584445,0.00775417173281312,0.0015214938903227448,-0.0029956502839922905
1.2794271678228906,0.05131512401347144,0.8940408772756433,1.2559512091458478,0.014903187471774791,-0.13477418513072262,0.8478471620313435,0.513568551690308,1.1350571125711184,-1.550160144369823,0.00891899921570681,0.020414534076712936,-0.00759323036401544,0.006386279402070964,-0.06589348845525855,-0.010922080677415775,0.06368533076962202,0.048149061901665104,-0.03189790378645112,0.1807704375497264,4.539999999997484,0.08754331551007102,0.06423531640169018,0.0012992753181606531,0.027277003227988643,1.6718932592124949,0.10245561344210044,3.0526869086104473,-1.726023696395057e-5,0.00023034869274852915,0.014839935171056228,0.007617501305865177,-0.0036919717214323297
1.2798237962781873,0.051834016043978796,0.8947392606697084,1.2562894939861107,0.01478388538692056,-0.13743748866372257,0.850380064244198,0.5155258525747465,1.1337984567070767,-1.542910687381971,0.009118613679088802,0.020439368982059645,-0.007249163830625229,0.006406924503562353,-0.06606246966510179,-0.010955611134401863,0.06292868761840764,0.04976125090486797,-0.030948850267334353,0.18086698941635104,4.579999999997462,0.08758633527682594,0.06427245246306469,0.0012992753181606531,0.027276096865534782,1.6719073057174683,0.10246513038873672,3.0526819229125977,-1.7089290849980898e-5,0.00012637315376196057,0.015118411742150784,0.007857079617679119,-0.0037193377502262592
1.280229754392945,0.05233976073145275,0.8954428958659348,1.2566269748099743,0.014664349414963381,-0.14010789078198213,0.8528823010364379,0.5175486418190823,1.132577930101632,-1.5356567415517524,0.009354592409681829,0.02047059252217303,-0.006905279040478417,0.00642666423293565,-0.0662321382180745,-0.010988601568777012,0.062152736462909024,0.0514238593193738,-0.02998993796501075,0.18099834335327322,4.6199999999974395,0.08765051084337004,0.06432976532451591,0.0012995640819154146,0.02725738330181419,1.672038353017281,0.1025212710798985,3.052335689989797,-3.723280521964626e-5,0.0021575127616710616,0.006702834662580192,0.01695919166072129,-0.011622230371189037
1.280646582511484,0.05283245564555841,0.8961520134555563,1.2569636465765224,0.014544573202097646,-0.1427854115329014,0.8553531280663984,0.5196388233332808,1.1313960141442856,-1.5283968648355069,0.009630703633176415,0.02050827964319204,-0.0065630316968975375,0.006445511567279353,-0.06640254542074736,-0.011020886725734955,0.061358768138065616,0.053131320219036146,-0.029016645589477943,0.1811670316255541,4.659999999997417,0.08769815418732226,0.0644238669231593,0.0012993402412939123,0.027276096865534782,1.6725584372655795,0.10276733962528803,3.0515228026876966,-6.833732447513764e-5,-0.0043447493412938736,0.013294440984283045,0.013897083058625883,-0.014947389471444764
1.281075957896991,0.05331225065337735,0.8968668307381323,1.2572995064648704,0.014424549190741138,-0.14547007136440768,0.8577918402566055,0.5217980799308392,1.1302533852574688,-1.5211295293024891,0.009950039552121403,0.020552464384926816,-0.00622374169424151,0.006463477779637601,-0.06657373157393895,-0.011052292987995397,0.060547464974699906,0.05487814970460571,-0.028023778306777963,0.181374685830899,4.699999999997395,0.08778654371334826,0.064533942295147,0.0012990902177989483,0.027276096865534782,1.6731656789779663,0.10287259519100189,3.05065655708313,-5.150194283487508e-6,-0.0022195656783878803,0.01405643206089735,0.011949770152568817,-0.018382616341114044
1.281519666689048,0.053779341667702735,0.8975875517503544,1.2576345535805624,0.014304268623392251,-0.1481618906690912,0.8601977487254654,0.5240278771959871,1.1291509385936553,-1.5138531557347827,0.01031496994951216,0.020603131959803136,-0.005888571959152566,0.006480572262491145,-0.0667457255278604,-0.011082640922716968,0.059718967970470306,0.05665897398973767,-0.027005629305443868,0.18162209268112872,4.739999999997373,0.08787608582362041,0.06465941011588203,0.0012992692230571323,0.027287690144741132,1.675246688812403,0.10337110259312017,3.050192854744914,1.191002869181425e-5,-0.0012968928024009432,0.01728055697357255,0.01796540813334148,-0.02363977565192045
1.2819795744178413,0.054233963581268474,0.8983143671956851,1.2579687886471997,0.014183721571228795,-0.15086088933777883,0.8625701608111703,0.5263294684914377,1.1280898055400517,-1.5065661456253463,0.01072711659560039,0.020660211369189593,-0.005558510885850059,0.006496802402998553,-0.06691854461721897,-0.011111747869809575,0.05887296300162509,0.05846855957955849,-0.025956127166350308,0.18190927141153987,4.779999999997351,0.08797004025625005,0.06480962856614064,0.0012994603021070361,0.027300065383315086,1.6756545974532535,0.1050787767323944,3.048759145939537,3.231245872644008e-5,0.011768457019002084,0.018661334211195816,0.036170494597593694,-0.021689252279617453
1.2824575958818694,0.0546763825324533,0.8990474542638216,1.2583022136909174,0.014062896984999249,-0.15356708633614818,0.8649083637973013,0.5287039012565565,1.127071365636403,-1.4992669098531912,0.011187347190743267,0.02072356899169164,-0.005234358194706674,0.006512173485434404,-0.06709219493344569,-0.011139430523768104,0.058008778543191405,0.060301847720012174,-0.0248689674677833,0.18223556594200527,4.819999999997329,0.08806943929599567,0.06494980194701679,0.0012994603021070361,0.027300065383315086,1.6750831604003906,0.10544919967651367,3.0484633445739746,3.300301978015341e-5,0.015575101599097252,0.01801195554435253,0.039883632212877274,-0.01930631883442402
1.2829556651373206,0.05510688764462,0.8997869763471651,1.2586348317239113,0.013941782765409874,-0.1562804993159118,0.8672116126591354,0.5311520247744499,1.126097253531603,-1.491953893575677,0.011695787144334037,0.020793003525871136,-0.004916713988684585,0.006526688601264212,-0.06726667188441472,-0.011165507464321883,0.057125487962507916,0.06215399338822303,-0.02373772911878039,0.1825997455161896,4.8599999999973065,0.08815392500677886,0.06508643133689264,0.0012992753181606531,0.02725212834775448,1.6760658025741577,0.10705509036779404,3.0469534397125244,9.872856026049703e-6,0.003928222227841616,0.022149858996272087,0.04458334669470787,-0.02548433281481266
1.2834757062734103,0.055525782375932066,0.9005330826776248,1.2589666464320832,0.013820365850060712,-0.15900114426982148,0.8694791218897654,0.5336744995812962,1.125169361552844,-1.4846255971100604,0.012251847169968876,0.020868242610335153,-0.004605970770318485,0.0065403485530450625,-0.0674419609881725,-0.01118980159453039,0.05622201036307838,0.06402040831778202,-0.02255597745244066,0.18300010838461447,4.899999999997284,0.08822941902557649,0.06522751559563185,0.0012992753181606531,0.027258035682456473,1.6762548372846213,0.10740066852971727,3.0468633588262515,3.425534290440265e-7,0.0035847117105324163,0.021381305707830055,0.043570454557017295,-0.02491146641537806
1.2840196055636128,0.05593337561060288,0.9012859079207195,1.2592976618706928,0.013698632314027973,-0.16172903523739124,0.871710061246232,0.5362718086583372,1.1242898383584483,-1.4772805927722958,0.012854264465386473,0.020948941381003915,-0.004302308205402133,0.006553151744357785,-0.06761803884600188,-0.011212142448405318,0.055297205079609446,0.06589680694630128,-0.02131735710304102,0.18343458407799357,4.939999999997262,0.08836537210615894,0.0654279808346141,0.0012992753181606531,0.027300065383315086,1.6775997877120972,0.109859399497509,3.046222448348999,-6.746395956724882e-5,0.0011406916892156005,0.01591317728161812,0.03636389598250389,-0.020835617557168007
1.2845891854916103,0.05632997261735907,0.902045571774491,1.2596278821711846,0.013576567481411053,-0.16446418406589458,0.8739035550844677,0.538944270493484,1.123461084013897,-1.469917537796796,0.01350115513508309,0.021034683160969774,-0.0040056904685659344,0.006565094053829765,-0.06779487424125517,-0.011232368333690384,0.054349956159654274,0.06777925375191997,-0.02001567815976382,0.18390083084960587,4.97999999999724,0.0885326656319714,0.06567667687522957,0.0012994603021070361,0.02732403390109539,1.679229736328125,0.11289140582084656,3.043849468231201,-1.460225939808879e-5,-0.002355448668822646,0.02328651212155819,0.04584304988384247,-0.03174571692943573
1.2851861810570924,0.056715865997107956,0.9028121786281973,1.2599573112616655,0.01345415604546401,-0.1672066002289522,0.8760586848303813,0.5416920540329236,1.1226857416896963,-1.4625351835758884,0.014190075494757435,0.021124982413518074,-0.0037158660693097064,0.006576168696592763,-0.06797242931339469,-0.011250328279099914,0.05337924441527862,0.06966421020783811,-0.018644999090694742,0.18439632587364885,5.019999999997218,0.08865970851134587,0.06591142098771136,0.0012992456188514866,0.027296225970224956,1.6802724861934537,0.11510908182472103,3.042605138960247,9.977503492788033e-6,-0.00020429462515969186,0.021782769302149042,0.049969932240034196,-0.033569915465724826
1.285812218673546,0.05709132673969967,0.903585817339963,1.260285952603127,0.013331382195340592,-0.16995629070294627,0.8781744940615986,0.5445151954704044,1.1219666860469697,-1.4551323815343762,0.014918089959254368,0.02121929002323117,-0.003432370123371788,0.0065863660808729895,-0.06815066076116204,-0.011265883759130065,0.05238420580068109,0.07154857951167871,-0.01719970953953643,0.18491844670446847,5.059999999997196,0.08879816755666255,0.06616630942604282,0.0012990902177989483,0.027284503273222488,1.6814938501384888,0.11756762099811584,3.041334523884285,9.45214579171426e-6,0.002939885174499549,0.023982523393764475,0.05190819828531801,-0.035087914464238895
1.2864687978809677,0.05745659550927457,0.9043665611936011,1.2606138089433256,0.013208229747911703,-0.17271325989964662,0.8802499956456662,0.5474136167491337,1.1213070082659133,-1.447708085997447,0.01568184334798144,0.021317000902424832,-0.003154529093069091,0.0065956736705284945,-0.06832952103433068,-0.011278910173534678,0.05136417589389871,0.07342974731072563,-0.015674615400777404,0.18546454328037237,5.0999999999971735,0.08900463854655996,0.06641485839076226,0.0012990902177989485,0.02732403390109539,1.6836878061294556,0.12157996743917467,3.039595127105713,-7.668580656172708e-5,0.010402850806713104,0.039445351809263236,0.046975210309028625,-0.0360167920589447
1.2871572760058787,0.057811874272295616,0.9051544680903708,1.2609408820904675,0.013084682283482474,-0.17547750965132594,0.8822841803820859,0.5503871454279399,1.1207099974320094,-1.4402613544298615,0.016477633549248985,0.02141746252603692,-0.0028814664102056213,0.006604075916136827,-0.06850895935291264,-0.011289297947288154,0.05031871831187857,0.07530557041083642,-0.014065075903257517,0.1860319981614045,5.139999999997151,0.0891467365298045,0.0667157193567579,0.0012990902177989483,0.02728172164518942,1.6847667489259985,0.12374846726617907,3.0379873402975233,1.8203795187563896e-5,0.011437630925993881,0.032587369666115064,0.04315249790905876,-0.03384431682648565
1.2878788538115096,0.05815731863387115,0.9059495811580689,1.261267172760788,0.01296072331312398,-0.17824903920269303,0.884276031879473,0.5534355191022692,1.1201791033082504,-1.4327913396897625,0.017301316697459074,0.021520010322753157,-0.0026121584558143995,0.006611558403718724,-0.06868892162220647,-0.011296952122520668,0.049248258768423196,0.0771735162894189,-0.012367633160098236,0.18661890581683832,5.179999999997129,0.08929087383472412,0.06698644113670235,0.0012990902177989483,0.027276096865534782,1.6849101781845093,0.12428878605233233,3.037773609161377,3.081794420722872e-5,0.011575189419090748,0.03167570382356644,0.04264432564377785,-0.03627696591266195
1.2886345440608125,0.05849304023948978,0.9067519311139448,1.2615926805960824,0.012836336882025904,-0.18102784550461148,0.8862246382369825,0.5565583988121168,1.1197179473838295,-1.4252971978770639,0.018147532917163495,0.021624188299515873,-0.0023457964689177564,0.006618125969598358,-0.06886936124561532,-0.011301811109079088,0.04815810815409121,0.07903295721497078,-0.010577070710407093,0.18722713949466124,5.219999999997107,0.08945896696491823,0.06722871100256503,0.0012989052338525653,0.027300065383315086,1.687151312828064,0.12686501443386078,3.035975933074951,3.249461224186234e-5,-0.004273544996976852,0.03388963267207146,0.0774199366569519,-0.040803562849760056
1.2894251200078375,0.05881911443901022,0.9075615507144927,1.2619174038713505,0.012711508969632586,-0.1838139237087402,0.8881293522916771,0.5597554922963991,1.1193302769410556,-1.4177779961461523,0.01900985351744372,0.021730100890374512,-0.002081396267004791,0.0066237994401847035,-0.0690502210605222,-0.011303860145666415,0.047055060811279005,0.08088671361870488,-0.00869333199758261,0.18785843706605396,5.259999999997085,0.08972905849480561,0.06766938633774029,0.0012992753181606531,0.02725212834775448,1.6885174512863157,0.1314309984445572,3.033327341079712,5.344745295587927e-5,0.017369814217090607,0.03228803351521492,0.07496867328882217,-0.04043319448828697
1.2902510943378482,0.0591355737256322,0.9083784947896515,1.2622413389341918,0.01258622828525584,-0.18660726704431346,0.8899897678226395,0.5630266553406152,1.119019754665285,-1.4102327650445208,0.01988170460076398,0.02183808134128888,-0.001817650808653936,0.0066285943133442445,-0.06923143424582665,-0.01130311363089773,0.04594437093547098,0.08273903436498684,-0.006719933829733828,0.18851311057514142,5.299999999997063,0.08992377103112764,0.06799272093445172,0.0012992753181606531,0.02725212834775448,1.6894314890109614,0.13325192030999056,3.0321937623332245,-1.3790228446944818e-5,0.0017730753575394545,0.03410999714332215,0.07898024365829888,-0.04240746910521337
1.2911127212449123,0.0594423978573252,0.909202846044117,1.2625644798565074,0.012460486246063223,-0.18940786676301383,0.8918056596922553,0.5663719187058663,1.1187898789040778,-1.4026605432137138,0.02075669507552051,0.021948442007094487,-0.0015530051512464167,0.006632514585836403,-0.06941293125436176,-0.011299605947506874,0.044829848172579075,0.08459432465623405,-0.004661421120223043,0.18919057140108034,5.3399999999970404,0.0901143385278588,0.06830892631337356,0.0012992753181606531,0.02725212834775448,1.6900634765625,0.13451094925403595,3.031409978866577,-6.0279970057308674e-5,-0.009010883048176765,0.03536974638700485,0.0817539393901825,-0.04377252981066704
1.2920100073401386,0.059739504865852784,0.9100347153761326,1.262886818223785,0.012334276718855796,-0.19221571217983646,0.8935769272669739,0.5697914863796975,1.1186439541100643,-1.395060410991848,0.021628785714692674,0.02206143259568501,-0.0012857072382957474,0.00663555157510912,-0.06959464260282844,-0.011293388143092426,0.04371392180056136,0.08645681483009147,-0.002522905871385731,0.1898894544750689,5.379999999997018,0.09032829689363084,0.06864456501462046,0.0012992753181606531,0.027270848561116112,1.69157980802564,0.1373189696199761,3.029079152276362,-4.169675727822325e-6,0.002198374244972225,0.04171793832952468,0.09299499398698748,-0.037937275787662664
1.2929427282633243,0.0600267438517368,0.9108742410763475,1.2632083430059522,0.012207595705409864,-0.19503079077359584,0.8953035413250529,0.5732857264806482,1.1185850705333134,-1.3874315194198612,0.022492415338506367,0.022177244420054608,-0.0010138594630288483,0.006637684135297028,-0.06977650094626063,-0.011284525664169265,0.04259775716082394,0.0883304722578199,-0.0003099680423284142,0.19060773523214647,5.419999999996996,0.09058157033612568,0.06902194520573929,0.001299165139440413,0.027276096865534782,1.6933531185370245,0.13950437471336324,3.0276196121357275,-1.9220479926976563e-5,-0.002528151715578301,0.041469396828162045,0.09149002884122404,-0.03943639618213191
1.293910449829856,0.060303889916558516,0.9117215878146077,1.2635290405021058,0.01208044101987746,-0.1978530883424802,0.8969854968656937,0.5768551601482682,1.118616086455708,-1.3797731136615652,0.023342603573910454,0.022296025148140452,-0.000735472728504464,0.006638879545523719,-0.06995844297376529,-0.011273096149683947,0.04148143231525805,0.09021897702770386,0.001971389437047676,0.19134288796407814,5.459999999996974,0.09083410063726262,0.06945783799594274,0.0012987202499061823,0.027300065383315086,1.7017840147018433,0.15532754361629486,3.025933027267456,-2.2452009943663143e-5,-0.010487519204616547,0.04165792465209961,0.06891099363565445,-0.037332840263843536
1.2949125528222076,0.06057064136420358,0.9125769456418331,1.2638488943584658,0.011952811979396325,-0.20068258921079618,0.8986227739071874,0.5805004499882751,1.1187396121331252,-1.372084549432038,0.024175024450584993,0.022417899099536023,-0.00044852158018413826,0.006639094879020491,-0.07014041098432185,-0.011259187204379408,0.04036415733271936,0.09212572573900107,0.004314781033407589,0.19209207060240854,5.499999999996952,0.09112573417571862,0.06983173974191771,0.0012990902177989483,0.027300065383315086,1.6969903707504272,0.14596787095069885,3.0229129791259766,-7.897835530457087e-6,-0.00924026221036911,0.04654647782444954,0.07429607957601547,-0.04609241709113121
1.2959482573785872,0.060826619571129815,0.9134405300716892,1.264167885633649,0.011824709165027135,-0.2035192764334589,0.9002153075022392,0.5842223908620877,1.118957994017349,-1.3643653026395408,0.024985871182709125,0.022543048071517628,-0.0001510043049516711,0.006638279698978975,-0.0703223507947063,-0.011242896089998638,0.03924451263612245,0.09405396386640068,0.006713391716480288,0.1928522655758195,5.53999999999693,0.09139151300613022,0.07022678741501516,0.0012991714722412953,0.02728954380178933,1.6983686881184443,0.1487402962355691,3.02187663768719,1.4172467194480908e-5,-0.0033019898956055064,0.04585898879147272,0.07403264429296491,-0.0469112705387745
1.297016643038278,0.06107137176304033,0.9143125840971307,1.2644859928854897,0.011696134302895438,-0.2063631319430772,0.9017629676743771,0.5880219040475482,1.1192732976541382,-1.3566149726848256,0.02577192636775437,0.02267171304870681,0.00015900753306999623,0.006636377760253697,-0.07050421337569865,-0.011224327563475897,0.038120709031363116,0.09600671972689667,0.009160039161673496,0.19362050149860657,5.579999999996907,0.09163579038422935,0.07059604097009572,0.0012992753181606531,0.027276096865534782,1.7001302242279053,0.15228354930877686,3.020552158355713,4.237905886839144e-5,0.0042873225174844265,0.044980354607105255,0.07369596511125565,-0.04795779287815094
1.2981166785083262,0.061304374911427234,0.915193377577056,1.2648031923826624,0.011567090066898683,-0.2092141368478327,0.903265549860022,0.5919000250768048,1.1196872976821772,-1.3488332751723173,0.02653082171880142,0.022804136289659,0.00048332084102172934,0.006633327673817886,-0.07068595996379583,-0.011203589320211017,0.03699084289968313,0.0979866798593275,0.011647388019018755,0.19439410367662815,5.619999999996885,0.09186402670266858,0.07090171911745388,0.0012990902177989483,0.02725212834775448,1.7032104436830648,0.15735951094736347,3.0177545405324895,-2.592383730824096e-5,-0.001344415757704887,0.05911215122492329,0.09299056519637103,-0.05249468759168238
1.2992472560850776,0.061525041307313726,0.916083205559296,1.2651194583955125,0.011437579868333889,-0.21207227180266958,0.9047227744642368,0.5958578904301862,1.1202014736248942,-1.3410200272380806,0.027261057642495302,0.022940573646037743,0.0008235805494326425,0.006629064599727522,-0.07086756285022339,-0.011180789231117962,0.03585309077041542,0.0999962034616919,0.014168033267942024,0.19517082663738414,5.659999999996863,0.09232831882362368,0.07166858216918956,0.0012992215749831335,0.02728614704956269,1.7063004366055978,0.1618619538629258,3.0146761167681775,-7.677061775897451e-5,0.0034438700706007986,0.061329506742548834,0.08132104914620701,-0.05704508548184555
1.3004072260389354,0.06173272542843064,0.9169823868061738,1.2654347635253809,0.011307607677389097,-0.2149375173856979,0.906134293111656,0.5998967244175353,1.1208170085664038,-1.3331751284239741,0.02796198936799845,0.023081306297095074,0.0011812429637821417,0.006623521764680129,-0.07104900562412446,-0.011156032707117562,0.034705858628992885,0.10203732227421015,0.01671457929238585,0.19594894917830333,5.699999999996841,0.09263609352977803,0.07207184936541941,0.0012992753181606531,0.027300065383315086,1.707045078277588,0.16296149790287018,3.013733148574829,-8.595974941272289e-5,0.005410874728113413,0.06206319481134415,0.0805332139134407,-0.05618865042924881
1.3015954297184553,0.06192673208458358,0.9178912624099627,1.2657490790617738,0.011177177881330826,-0.2178098544661363,0.9074997018550031,0.604017825066156,1.1215347924067807,-1.3252985367126389,0.028633765669324816,0.023226650386256615,0.0015575375838117178,0.0066166324258266395,-0.07123028313319069,-0.011129420476194182,0.03354803176130563,0.10411166471933644,0.019279792434686794,0.1967274664199148,5.739999999996819,0.09294710672125744,0.07253096360843422,0.0012992753181606531,0.027276096865534782,1.7198323011398315,0.16812670230865479,3.009826183319092,-8.815529326966498e-6,-0.0075689516961574554,0.061412207782268524,0.08966177701950073,-0.06064416095614433
1.302810728486758,0.06210632651140837,0.9188101952871366,1.2660623753614866,0.01104629525563218,-0.22068926456061586,0.9088185683939296,0.6082225490659755,1.1223554224654617,-1.3173902351206126,0.029277199100872696,0.02337702326939076,0.001953432959851934,0.006608333945267628,-0.0714114000876039,-0.011101048510327272,0.03237930134709682,0.1062206094286577,0.021856156316560887,0.19750623517731658,5.779999999996797,0.09330955837706187,0.07304573804827426,0.0012992753181606531,0.027276096865534782,1.7198323011398315,0.16812670230865479,3.009826183319092,-8.815529326966498e-6,-0.0075689516961574554,0.061412207782268524,0.08966177701950073,-0.06064416095614433
1.3040520296093236,0.06227074533483762,0.9197395716502644,1.2663746222107115,0.01091496503431169,-0.22357573012500212,0.9100904600186026,0.6125123071287557,1.123279187869873,-1.3094502027063941,0.0298937444080918,0.023532946636916685,0.0023696452538403373,0.006598567463389595,-0.07159236937759521,-0.011071005747257159,0.031199913527963856,0.10836544764767286,0.024435903242746092,0.19828571577465548,5.819999999996774,0.09374510215895517,0.07356718770142132,0.0012994603021070361,0.027276096865534782,1.713097095489502,0.17247697710990906,3.0055837631225586,8.955402881838381e-5,-0.008776231668889523,0.06170494854450226,0.09622140228748322,-0.06079902872443199
1.3053183112138629,0.062419206946581526,0.9206798011011492,1.266685789164653,0.010783192893353942,-0.22646923478140735,0.9113149625024106,0.6168885558757663,1.1243060725804517,-1.3014783922394388,0.03048545403239269,0.02369499663894332,0.0028066359058727453,0.0065872765231868085,-0.07177321129537245,-0.011039370894055014,0.030010534915370368,0.11054716212758872,0.027011596746319793,0.1990668903868845,5.859999999996752,0.09413909927915748,0.07413316936928759,0.0012995417998564747,0.027276096865534782,1.7151575293915982,0.17482798805572602,3.003983007730464,5.704524758945662e-5,-0.005563561492300698,0.06689652187434508,0.09909658048133607,-0.059378721256066594
1.3066086443899751,0.06255092159933259,0.9216313155895626,1.2669958458648864,0.010650984891601524,-0.22936976348492114,0.9124916957256795,0.6213527834240387,1.125435772942241,-1.2934747106100082,0.03105489096454646,0.023863789053110224,0.0032646120040027474,0.006574407051033384,-0.0719539520313853,-0.011006210671447279,0.02881219524150131,0.11276633846406917,0.029576314847671373,0.19985118660279821,5.89999999999673,0.09450427275620209,0.07462725117500495,0.0012996451696380973,0.027276096865534782,1.7181671478516694,0.17857837546699454,3.001418371690774,9.63121801712936e-6,-0.0014886880526319146,0.07220814118311278,0.09835317580976419,-0.05712971954626634
1.3079222114773046,0.06266510127337468,0.9225945680888293,1.2673047623245615,0.010518347412634202,-0.23227730262288582,0.9136203271240991,0.6259064926570427,1.1266677200498136,-1.2854390023981397,0.03160502820635136,0.02403997207042523,0.0037435314456976078,0.006559907533601458,-0.07213462192384189,-0.010971578686038513,0.027606232723928037,0.11502312648461266,0.03212373273178358,0.20064039340045453,5.939999999996708,0.09496858974582977,0.07523345013599766,0.0013000078912233132,0.02729958853641774,1.722148415933511,0.1851181523039447,2.9987740538042646,-4.142949688008361e-5,-0.005485782595032011,0.05495997554190915,0.11483295005534909,-0.06063405485724389
1.3092583202031252,0.06276096916266144,0.9235700311361681,1.2676125091751582,0.010385287113923409,-0.23519184004531257,0.9147005828080572,0.6305511832514888,1.128001104910175,-1.2773710368602456,0.03213914292989236,0.024224218702306077,0.004243112806876924,0.006543729107855934,-0.07231525363844914,-0.010935514706555068,0.026394231884570067,0.11731721455667014,0.034648184159682745,0.20143657212328359,5.979999999996686,0.09544612487589227,0.0758840538864284,0.0013001705894657583,0.027300065383315086,1.7345653019559188,0.1901221508189713,2.9955647582530562,-7.111920415690485e-5,0.004666878899096512,0.06781222943145919,0.107801228061609,-0.06170417612556711
1.3106164135411427,0.06283776859724963,0.9245581952362274,1.2679190578703998,0.010251810881701438,-0.23811336502773084,0.9157322560451763,0.6352883328282369,1.1294349059010613,-1.2692704985035823,0.03266070928181177,0.024417217608240806,0.004762849539461712,0.006525825519761398,-0.07249588035810794,-0.010898044303439188,0.025177954270458852,0.11964781127183224,0.03714471544998161,0.2022419646106254,6.019999999996735,0.09587370549836058,0.07648685026053798,0.00130020035430789,0.027300065383315086,1.736933708190918,0.1910645067691803,2.9949538707733154,-7.668157923035324e-5,0.0066278427839279175,0.07032719999551773,0.10633863508701324,-0.061890389770269394
1.311996075299304,0.06289477123322502,0.9255595671041261,1.2682243808443625,0.010117925788616058,-0.2410418681699737,0.9167152128772578,0.640119377524583,1.130967918291001,-1.2611369813174491,0.0331732929328526,0.02461966241940775,0.005302027969508886,0.006506152956230685,-0.0726765340436259,-0.010859178838396358,0.023959264929542524,0.12201363490369899,0.03960913455910267,0.2030589011996428,6.0599999999967835,0.09638401467770828,0.07706770793432303,0.0012998302699998021,0.02725212834775448,1.730953574180603,0.21439780294895172,2.9910709857940674,-2.1531690435949713e-5,-0.003861015196889639,0.06822952628135681,0.09820470213890076,-0.05851145088672638
1.3133970315620973,0.06293128436477056,0.926574667725296,1.268528451622162,0.00998363905117402,-0.2439773412363574,0.9176493947607015,0.645045692319809,1.1325987856369626,-1.2529699866223694,0.033680450182704165,0.024832239840744046,0.005859748547878973,0.006484669763867698,-0.0728572438178454,-0.0108189157880572,0.022740057511236634,0.12441291165994844,0.04203805573536686,0.20388971117607188,6.099999999996832,0.0968665637138757,0.07766402293147959,0.0012996925479743472,0.027263826889567706,1.7341147442091769,0.20351013402816082,2.989076237581967,-1.207348892060635e-5,0.009238284385158125,0.06954155500338277,0.11850532217410581,-0.06457346445946073
1.314819148220922,0.0629466572371213,0.9276040302137853,1.2688312448828891,0.009848957984061598,-0.24691977694434647,0.9185348182233799,0.6500685714796327,1.1343260328850215,-1.2447689244042761,0.034185634199753644,0.025055616810887044,0.006434949827413008,0.006461336068243111,-0.07303803451776873,-0.010777239378313713,0.021522180283610196,0.12684338333788314,0.04442893985500669,0.2047366377875787,6.139999999996881,0.09735925174046037,0.07831245378632222,0.0012998414786831436,0.027231064466092282,1.7346324323081141,0.20444431215497788,2.9874787456861833,4.5544411729586775e-5,0.003269855583596851,0.08045557270319674,0.13861147148629113,-0.06809417779714101
1.3162624249245074,0.06294028626170373,0.9286481974545052,1.2691327364754643,0.009713889948637347,-0.2498691687101257,0.9193715716095266,0.6551892094978484,1.1361481010022088,-1.2365331179265715,0.034692110713580276,0.025290426953916863,0.007026434671992435,0.006436113305758834,-0.07321892545127003,-0.010734121497915602,0.020307364715212273,0.1293023244043638,0.04678013049495991,0.2056017594162938,6.17999999999693,0.09787070308801737,0.0789485563763829,0.0013000152539461851,0.027276096865534782,1.7362985610961914,0.2073151171207428,2.984551429748535,3.205396205885336e-5,0.02158472128212452,0.07875700294971466,0.11970748752355576,-0.05820144712924957
1.3177269858681657,0.0629116190555493,0.9297077195174303,1.2694329033891343,0.009578442292976653,-0.2528255103604634,0.9201598090388466,0.6604086829026713,1.1380633829696543,-1.2282618113580224,0.03520288516754793,0.025537256506942135,0.007632898231873367,0.0064089636784524515,-0.07339992938689445,-0.010689522852670072,0.019097157729933277,0.13178656795157634,0.04909088578994063,0.20648691805845915,6.219999999996979,0.0983944981864861,0.07956566652355793,0.001299893396064272,0.02857080948310075,1.740145081576632,0.2128127731959139,2.981254094685106,-2.0874219566337693e-5,0.0012695254990831017,0.05801371769541461,0.10447613572864363,-0.06524713694876735
1.3192130679140277,0.06286015724637502,0.9307831508329685,1.2697317236811263,0.009442622280972741,-0.2557887958208823,0.9208997417422908,0.6657279332632935,1.1400702609684512,-1.2199541801149705,0.03572064297666647,0.02579662986627821,0.008252957241795708,0.00637984954102741,-0.07358105179714904,-0.010643394315499313,0.01789285836836156,0.13429253949539918,0.05136140609310661,0.20739365592883793,6.259999999997028,0.09891723009035032,0.08020497770735202,0.0013000044700357581,0.029647663338888373,1.742697228420777,0.21746814724002017,2.978974914631397,2.664777335521825e-5,0.019117832733947758,0.05832271613316296,0.10464131118579421,-0.07143488733337136
1.3207210065921262,0.06278545800284345,0.9318750471179166,1.2700291763646974,0.009306437008163873,-0.2587590187904821,0.9215916269618089,0.6711477516830934,1.1421671445889694,-1.2116093435872843,0.03624770412335894,0.026068994869296126,0.008885180211999043,0.0063487327292668224,-0.07376229036766137,-0.010595678422949048,0.016695459394718223,0.13681629721724703,0.053592857383255615,0.2083231608081901,6.299999999997077,0.09944850886382478,0.08085578818250322,0.00130020035430789,0.02994826818505396,1.74546256588402,0.223202789664106,2.9764517207308643,7.722690525940969e-5,0.0350165162694938,0.06388240900549216,0.11114527040278281,-0.0751860804362676
1.3222512205725723,0.06268713426714054,0.932983962041268,1.2703252412614698,0.009169893302152479,-0.2617361724137518,0.9222357546219458,0.676668765004931,1.1443525098893559,-1.2032263798936975,0.03678599286557112,0.026354707923126674,0.009528118087611498,0.006315573839909165,-0.07394363477663485,-0.0105463109657234,0.015505594364590246,0.1393535770215166,0.055787390220657845,0.20927622067419135,6.339999999997126,0.10000251827387308,0.08150212334716453,0.0013002003543078902,0.02895388938486576,1.7498646974563599,0.23104389011859897,2.9723396301269536,4.8072288336697966e-5,0.008445434272289276,0.07061730325222015,0.12726765871047974,-0.06972801685333252
1.3238041952201682,0.06256485368455003,0.9341104436191716,1.2706198988224886,0.009032997605804099,-0.2647202489594354,0.9228324320037545,0.6822914238866997,1.146624939116919,-1.1948043422894987,0.037337022835808864,0.026654019107068577,0.01018033495023871,0.0062803314740032205,-0.07412506674117422,-0.010495222619609461,0.014323490787757027,0.1418998406956507,0.05794815384083585,0.2102531881767356,6.379999999997175,0.10057303031490855,0.08215413300385298,0.00130020035430789,0.030301333482484025,1.7546649525333717,0.2394127786116145,2.9688447277786625,-2.8657068869012855e-5,0.004147971526178427,0.07730427784359863,0.13430192718072026,-0.07179748025228569
1.3253804658437334,0.062418336242609375,0.9352550303294391,1.270913129922903,0.008895755841877045,-0.2677112395159596,0.9233819666810481,0.6880159928374474,1.148983160884105,-1.1863422768245375,0.03790189728766527,0.026967057412293615,0.010840438329005513,0.0062429614585688045,-0.07430656031933372,-0.010442340563845942,0.013148930243210536,0.14445032551420348,0.06007930469283097,0.21125395560612367,6.4199999999972235,0.10116457724031769,0.08284694568444255,0.001300072827550641,0.031247481119874354,1.7577526865943147,0.24330430184435764,2.967262816897597,-4.092523379434973e-5,0.0035530398599803448,0.08379934859462758,0.14219227958222463,-0.07902990795671715
1.3269806012322114,0.062247350651073716,0.9364182469388901,1.2712049156356675,0.008758173258332941,-0.27070913371212374,0.9238846480188306,0.6938425422412858,1.15142609055628,-1.1778392408203693,0.03848132371276204,0.027293816337791686,0.01150710867924482,0.006203416064835525,-0.07448808244920765,-0.010387590036613312,0.011981216584821028,0.147000093808801,0.06218600838618474,0.21227794112249487,6.459999999997272,0.10175694714933496,0.08351358711559106,0.0013001026765762842,0.03214511152610518,1.7611010529429727,0.24909453867466474,2.9639878749368895,-2.5045102826306384e-5,0.011475198324675973,0.09187027904755488,0.1419323436807125,-0.08265034551227998
1.3286051880282503,0.06205170951345362,0.9376006000420206,1.2714952369899395,0.00862025425440517,-0.27371391947071244,0.9243407275851983,0.6997709423426237,1.1539528705594557,-1.1692943217014744,0.03907564152289951,0.027634140131362568,0.012179127577999323,0.006161643245122234,-0.07466959369915535,-0.010330895781835117,0.01081915366971634,0.14954408131194064,0.06427443362780386,0.2133240871327695,6.499999999997321,0.10238125194875904,0.08424429209675281,0.00130020035430789,0.032764874398708344,1.7639342546463013,0.25418543815612793,2.9608826637268066,-6.471919732575771e-6,0.020326664671301842,0.09880314022302628,0.1381530612707138,-0.08319179713726044
1.330254816428139,0.0618312633613294,0.9388025733177252,1.2717840747202453,0.008482002188468476,-0.2767255828014455,0.9247503988907078,0.7058008591257054,1.1565629102512782,-1.1607066556776051,0.039684860988364615,0.027987711043653565,0.01285540417881962,0.006117585914237695,-0.07485104919648071,-0.010272183347763014,0.009661034304119551,0.152077143448593,0.06635173633060674,0.21439087178666322,6.53999999999737,0.10297964282576938,0.08487576048604273,0.001299850810339268,0.033942058438468106,1.7685637394347284,0.26262945987932934,2.955721177196392,-0.00011545962555150298,0.01506899032592924,0.08954856880872171,0.1365377463518927,-0.08056751558134291
1.3319300676159165,0.061585893644027764,0.9400246225222064,1.2720714090126928,0.008343419169903568,-0.2797441076382385,0.9251137769411767,0.7119317519966325,1.1592559249180134,-1.1520754457342943,0.040308711163355576,0.028354038045938935,0.013534999466004376,0.006071181304813851,-0.07503239969577057,-0.010211380205689414,0.008504642295802445,0.15459409916687675,0.06842603168811466,0.21547633459050866,6.579999999997419,0.10356065127365233,0.08546904289406325,0.0012998302699998021,0.03401123359799385,1.7688357830047607,0.2631256580352783,2.9554178714752197,-0.00012186409730929881,0.014760032296180725,0.08900474011898041,0.13644282519817352,-0.08041330426931381
1.333631503241512,0.061315504788090947,0.941267170251044,1.272357219254713,0.008204505838439834,-0.28276947572418,0.925430878167744,0.7181628731684896,1.1620319733648643,-1.1433999783490898,0.04094669413266451,0.028732447542585374,0.014217147851913137,0.006022360428934613,-0.07521359274283904,-0.010148416666346463,0.0073472695985176695,0.15708977233838656,0.07050635166280621,0.21657811708756414,6.619999999997468,0.10412412078857003,0.08607586158314962,0.0013003852218389511,0.035952676087617874,1.774516224861145,0.27447471022605896,2.950228691101074,-7.503489740656732e-8,0.01554278563708067,0.08894087374210358,0.17341618239879608,-0.09136461466550827
1.3353596571406257,0.06102001546323728,0.9425306005215508,1.2726414837949078,0.0080652611358638,-0.28580166654591743,0.9257016013773652,0.7244932686601385,1.1648914934590642,-1.134679638315571,0.04159814259846706,0.02912207668114192,0.014901275671364378,0.005971047680537964,-0.07539457388607336,-0.01008322658181222,0.006185750509567021,0.15955903119100331,0.07260258505932057,0.21769351941225765,6.659999999997517,0.10502400705683151,0.08698241843116238,0.0013002983735735203,0.03607083257884905,1.775557139526823,0.27616266010079005,2.9488052094435826,1.050612797763062e-6,0.015354697107948012,0.09094013502285764,0.16819883794825716,-0.09364186560219373
1.3371150293714293,0.060699349213485077,0.9438152532477048,1.2729241797196147,0.007925682076402823,-0.2888406573173893,0.9259257104426558,0.730921780845893,1.1678353348680968,-1.1259139210293958,0.04226227760887919,0.02952186992136041,0.01558701614502068,0.0059171606141296094,-0.075575287884128,-0.010015747831715877,0.005016514721758004,0.16199682663558143,0.07472539717420763,0.21881957328497825,6.699999999997566,0.10560636015537567,0.08759215156584285,0.0013000152539461851,0.036691369436039366,1.7797224128294142,0.28274475865791765,2.943449276292545,7.171883285059367e-6,0.014518664932537798,0.09592487931715019,0.1506964598909796,-0.09944544396284422
1.338898082514099,0.06035342463357553,0.9451214187036495,1.2732052826527203,0.007785763523551761,-0.2918864230110422,0.9261028195164154,0.7374470525347817,1.1708647881135352,-1.1171024415746453,0.042938263125342234,0.029930579564208186,0.016274220409462078,0.005860609935168599,-0.07575567985758659,-0.009945922603838347,0.0038356607256052715,0.16439823068800066,0.07688612595643242,0.21995313166784694,6.739999999997615,0.10625498358223637,0.08823454229583397,0.0013000152539461851,0.03825364634394646,1.7848466634750366,0.2899104058742523,2.938699960708618,2.344642416574061e-5,0.013039220124483109,0.0857507511973381,0.1474161148071289,-0.08869119733572006
1.3407092400485814,0.05998214529101768,0.9464493320973205,1.2734847665850793,0.007645497982462782,-0.29493893643291674,0.9262323816073915,0.7440675326116738,1.1739816089397168,-1.108244939948769,0.04362525414590686,0.030346770958479527,0.016962964245645782,0.005801299735908655,-0.07593569633254943,-0.009873697490440422,0.0026390506006624716,0.16675847644833106,0.07909665170103493,0.22109097484727638,6.7799999999976635,0.10696527416360059,0.08891936397467165,0.0013001836476865506,0.038635477295669074,1.7870449137245985,0.2940014416119984,2.936485324232681,2.5076480076403827e-5,0.015395558290330942,0.08836650770935708,0.14965651075648237,-0.08795360011272191
1.342548886498675,0.05958538961259135,0.947799168402311,1.273762603739627,0.007504875418256709,-0.2979981683362989,0.9263136813836644,0.7507814833345776,1.177188036882063,-1.0993412817848087,0.044322435255612185,0.030768833091459998,0.017653550180111808,0.0057391280073548195,-0.076115286126236,-0.00979902343238965,0.0014224266225872728,0.16907300126002478,0.08136923755393578,0.22222993214324288,6.819999999997712,0.10771540692184994,0.08964640225375171,0.0013003852218389511,0.039092544466257095,1.789676308631897,0.2988985776901245,2.9338343143463135,2.7027723263017833e-5,0.018216190859675407,0.09149767458438873,0.15233835577964783,-0.08707066625356674
1.3444173689122398,0.05916300097020207,0.9491710376225463,1.2740387644778555,0.007363883111602908,-0.3010640875670944,0.9263458330722392,0.7575869894486563,1.1804868068194287,-1.0903914539747788,0.045029046770413465,0.03119499522661461,0.018346504685495674,0.00567398745316783,-0.07629440102868745,-0.009721855552951204,0.00018154934228466245,0.17133749471739015,0.08371633855087958,0.22336701776690357,6.859999999997761,0.10847909990233756,0.09038992548130352,0.0013000152539461851,0.0409381128847599,1.8114516735076904,0.3341441750526428,2.9279022216796875,-3.0251934731495567e-5,0.01253552921116352,0.10746743530035019,0.16445909440517426,-0.096953384578228
1.3463149989516148,0.058714778194896775,0.9505649805634468,1.2743132172509168,0.0072225055657797734,-0.3041366612314981,0.9263277842462146,0.7644819691644422,1.1838811520763506,-1.0813955548033485,0.045744373463822846,0.03162333464043211,0.019042569055521014,0.005605766694454506,-0.0764729960133244,-0.009642153245202904,-0.0010876494226511753,0.1735479318014359,0.08615036083261236,0.22449956260657383,6.89999999999781,0.10927082975036106,0.09114197981734493,0.0013001365147900976,0.04211575915332112,1.8053593237100616,0.32418914725127157,2.9243535833316865,-7.525249946909322e-6,0.01569944823688756,0.104677324256362,0.1673326109455459,-0.09939849616640667
1.3482420516615363,0.05824046654826849,0.9519809631691121,1.2745859285680916,0.007080724518228868,-0.30721585485933095,0.9262583260200112,0.7714641849065775,1.1873747960493979,-1.0723537797888383,0.04646760730468656,0.03205171852850802,0.01974267323033885,0.005534352415699586,-0.07665102827860358,-0.009559882121634803,-0.0023888858408843603,0.17570055603317353,0.08868335436260096,0.22562531850184456,6.939999999997859,0.1099844071029711,0.09181127750706156,0.0013000987490928264,0.04301204056211165,1.8052108698101903,0.3237701324295707,2.9192618278323277,2.7920388718934184e-5,0.0347617512953179,0.1052361542693726,0.17495063962727214,-0.10383307534111047
1.3501987623527432,0.05773974989455289,0.9534188710100222,1.2748568630100259,0.006938519056374802,-0.3103016325778534,0.9261361120533719,0.778531257809984,1.1909719343785325,-1.063266400289041,0.04719793182521491,0.03247791283601445,0.020447916810960816,0.005459631146025483,-0.07682845840068236,-0.009475012982345455,-0.0037252843917280143,0.17779208588893863,0.09132684153445013,0.22674271642906454,6.979999999997908,0.11076981605823484,0.09251402088043481,0.0013000152539461851,0.043239086866378784,1.8077245950698853,0.3277326226234436,2.9166128635406494,4.7216020902851596e-5,0.049057599157094955,0.10690245777368546,0.17996767163276672,-0.10641941428184509
1.3521853276447167,0.05721224450995267,0.954878508369765,1.275125983350274,0.006795865756350931,-0.31339395731154424,0.9259596854364005,0.7856806890259351,1.1946772078068664,-1.0541337335725218,0.04793455928904363,0.03289967202198928,0.021159556760751014,0.005381490805082365,-0.07700525045159776,-0.009387520599679532,-0.005099222518086396,0.17981980738475076,0.09409149717023146,0.22785101290902265,7.019999999997957,0.11165436079607508,0.09327825788974736,0.0013001472743208666,0.04583755339669919,1.81347709378031,0.3362545587331119,2.911680935725392,1.2746986886569755e-5,0.03226324312101915,0.11634491632478006,0.19685031625289487,-0.09765370246729593
1.3542019057478882,0.056657494191620056,0.9563595995062567,1.2753932507405037,0.006652738895587096,-0.31649279096427746,0.9257275119572317,0.7929098838877412,1.19849566092078,-1.0449561079211627,0.04867667772927035,0.03331479234468411,0.021878982968759432,0.005299822911409362,-0.07718137121714844,-0.009297383686067303,-0.006512156266092892,0.18178165313199388,0.09698678440369964,0.2289504162709838,7.059999999998006,0.11245440863871926,0.09398435517300661,0.00130020035430789,0.04816766868180602,1.8189088820490003,0.345534392432095,2.9065791280909545,8.929997458902174e-6,0.03469395884219086,0.1264777492176728,0.20419759772477697,-0.10076967568639768
1.3562486143780386,0.056074966959555446,0.9578617918511293,1.275658624952195,0.006509110765765753,-0.319598094572764,0.9254380207251802,0.8002161796666719,1.2024326859084915,-1.0357338225443826,0.049423380510393605,0.03372117286100387,0.022607687472323647,0.005214525160106523,-0.0773567891472232,-0.00920458513118582,-0.007964431828558318,0.18367629842934657,0.10002056801833537,0.23004221736472014,7.0999999999980545,0.11312644192718654,0.09458473977261733,0.0013001475908771438,0.049880487005909246,1.8229587855560057,0.35275118144231127,2.902782031622581,2.5237229264589134e-5,0.04297700151801109,0.13302950067957525,0.20584787570183435,-0.10758399169452856
1.3583255256847535,0.05546405359435797,0.9593846613781609,1.2759220646746654,0.006364952095108106,-0.3227098284220722,0.9250896522386184,0.8075968772706538,1.206493950422621,-1.026467102579916,0.05017358194559575,0.03411688200752091,0.0233472290364591,0.005125504218751249,-0.0775314730293759,-0.00910911251776242,-0.009455104242473613,0.1855032617352235,0.1031987083245532,0.23112890448555395,7.139999999998103,0.11401891323242119,0.09535424492045591,0.0013000152539461851,0.05313805490732193,1.828133702278137,0.3592870831489563,2.898924350738525,-3.659610592876561e-5,0.04297700151801109,0.13313893973827362,0.1956544369459152,-0.10478340089321136
1.360432657723929,0.05482406819145637,0.9609277203147003,1.276183527866601,0.006220232583641876,-0.3258279521143698,0.9246809133286794,0.8150492769863341,1.2106853090176972,-1.0171560500683237,0.05092592334573108,0.03450022803484061,0.024099193963780654,0.005032678627148697,-0.07770539042649474,-0.009010958949686626,-0.010981777095784356,0.18726300589039938,0.1065246482291223,0.23221424981703515,7.179999999998152,0.115052322341323,0.09620861159233832,0.0013003629238651892,0.05313805490732193,1.835555328239512,0.37050396059016383,2.893856360421656,-3.239824874436302e-5,0.07893079192730093,0.10914097216148991,0.18167559440164815,-0.11119730307817599
1.3625699621984992,0.05415425085748929,0.9624904273073503,1.2764429721557713,0.0060749215501009046,-0.3289524245835973,0.924210437869316,0.8225707182155727,1.215012698190109,-1.0078005922616797,0.051678675067533986,0.034869831130733664,0.024865154151272297,0.004935981673263406,-0.07787850593922928,-0.00891012421088559,-0.012540476791322742,0.18895703595738558,0.10999900863966323,0.23330335581388403,7.219999999998201,0.1158836543742184,0.0968505054179679,0.001300250046728999,0.05809783602929691,1.8397818011887477,0.3783826372650273,2.8894040211875662,4.423707531937743e-5,0.09342343390581362,0.117138139936941,0.1875861055673528,-0.11640484622001968
1.3647373084305074,0.05345377260674656,0.9640722000708157,1.2767003552789635,0.005928988683408111,-0.332083204050854,0.9236770515887907,0.8301586229674499,1.2194820157081383,-0.9984004290810642,0.05242964121023357,0.03522469448179825,0.025646623697459597,0.0048353640934825385,-0.07805077936917598,-0.008806616251463553,-0.014125575576313396,0.19058798828433257,0.11361921005566608,0.23440265016913145,7.25999999999825,0.1167471473081185,0.0974244277052881,0.00130020035430789,0.05992112681269646,1.841160535812378,0.38101449608802795,2.8878867626190186,7.231040945043787e-5,0.09790346026420593,0.12064382433891296,0.19008848071098328,-0.11816799640655518
1.3669344638045726,0.05272174243200254,0.96567243044456,1.2769556355512952,0.005782404885166747,-0.33522024791776517,0.9230798387426137,0.8378105426256468,1.224098985687754,-0.9889549819763177,0.053176074457605534,0.03556427092713343,0.02644501566824696,0.004730796421406676,-0.07822216387190825,-0.008700452971979725,-0.015729777749936995,0.19215970413819053,0.1173791408403942,0.23551981866746266,7.299999999998299,0.11768008197112818,0.0981096964106932,0.0013000152539461851,0.06724986795083568,1.8499422656397357,0.39542565739479263,2.8806503912072707,0.00011806376488029815,0.10808259445588322,0.12752116550081904,0.20422874336430333,-0.10135948109888276
1.3691610712259668,0.05195721642600867,0.9672905016559462,1.2772087723511187,0.005635143182431006,-0.33836351259790615,0.9224182078428456,0.8455242072227701,1.2288690117362813,-0.9794633468370719,0.053914609056270636,0.03588852132196691,0.027261600899965866,0.00462227079053605,-0.07839260419927871,-0.008591664248815483,-0.017344182702806903,0.19367728018948988,0.12126889491395962,0.23666366678455206,7.339999999998348,0.11864606492120329,0.09879231070261199,0.0013000152539461851,0.07212106883525848,1.8528030263014226,0.40011962996779354,2.8767640952537805,6.227243153175578e-5,0.10084985723009308,0.11017840246139715,0.17873184382915497,-0.1135058176442866
1.371416624449823,0.051159208720596004,0.9689258074439215,1.277459726603789,0.005487179682467834,-0.34151295328941356,0.9216919531284499,0.8532975761293585,1.2337970214284013,-0.9699242539153322,0.05464121993931215,0.03619796032952053,0.028097470908754182,0.004509801986522819,-0.07856203513700281,-0.008480294114920123,-0.018958436419401214,0.1951470874419337,0.1252746031269845,0.2378439035896351,7.379999999998397,0.11963403888695849,0.09953279359714712,0.0013000152539461851,0.07212106883525848,1.8551645533873946,0.4039624368504693,2.875068092349518,6.0933197469235795e-5,0.0994702198889849,0.1071902303839394,0.17873184382915497,-0.10876713438488868
1.3737004424406252,0.05032670389588686,0.9705777725396864,1.2777084612449245,0.005338494533815069,-0.3446685236951208,0.9209013080612124,0.8611288887243508,1.238887306360503,-0.9603360378986011,0.055351215435362124,0.03649368518217083,0.028953507037625698,0.004393427548271335,-0.07873038024520682,-0.00836640298274974,-0.020560979567719004,0.1965767500608155,0.1293783829799335,0.23907084547627827,7.419999999998446,0.12059813168085382,0.10024762238712606,0.001300084919456295,0.07653126120567322,1.8616996037234448,0.4141751194296708,2.868673277003994,5.253313237797866e-6,0.07130499184131622,0.09728198039219882,0.16454969097735478,-0.10907563027111843
1.3760116441884926,0.04945867040116349,0.9722458738391832,1.2779549416416955,0.005189072851137955,-0.347830175699751,0.9200469869040125,0.8690167132811932,1.2441433629969736,-0.9506966212674054,0.05603926976242128,0.03677738309155269,0.029830357856634137,0.004273206738347614,-0.07889755100534016,-0.008250069772177142,-0.022139395180524265,0.19797507613684664,0.13355843020403152,0.24035504250265863,7.4599999999984945,0.12147367583355248,0.10074060503333387,0.00130020035430789,0.07653126120567322,1.864480340654031,0.4189994589662041,2.8648678424467295,1.763131110460066e-5,0.0729303827610126,0.09915270334150389,0.17387600857198557,-0.11600328217687486
1.3783491256140048,0.04855407443234545,0.9739296614490758,1.2781991359495,0.005038905556015464,-0.3509978590167829,0.9191302104478113,0.8769599920113641,1.249567740404088,-0.9410035138329518,0.05669949955586102,0.037051313530872404,0.030728426493538824,0.004149218245717809,-0.07906344646580694,-0.00813139378800305,-0.023680852207063067,0.1993519338699385,0.13778927255298581,0.2417068365381257,7.499999999998543,0.12270653279595971,0.10159919909190868,0.0013001335000761593,0.08313646602811939,1.86826759128513,0.42515960442295625,2.8600357642335603,1.675295479784288e-5,0.07423436641693115,0.10961608604592679,0.1962108399587999,-0.1186997004988642
1.3807115403094194,0.04761189364174574,0.9756287786588684,1.2784410153814862,0.004887990082524714,-0.3541715208203476,0.9181527122615815,0.8849580799914869,1.2551619016745865,-0.9312538308391136,0.057325586053328756,0.03731826263033429,0.031647868985123506,0.004021556550320609,-0.07922795346045504,-0.008010496181914668,-0.0251726330843098,0.20071806905751588,0.14204220054879615,0.2431358676692589,7.539999999998592,0.12364725315522035,0.10219451081616193,0.0013000152539461851,0.09481919556856155,1.871720314025879,0.43036553263664246,2.856008768081665,-4.969201199855888e-6,0.07423436641693115,0.11368370056152344,0.22136583924293518,-0.11572618782520294
1.383097285867132,0.046631130027042264,0.9773429798047673,1.278680554370151,0.0047363308962723024,-0.3573511053797861,0.9171167224935214,0.8930107755996934,1.2609261062750803,-0.9214443312045523,0.05791094137485817,0.037581468446757374,0.03258860390472518,0.00389032696964523,-0.0793909474488446,-0.007887520834566673,-0.02660272439297091,0.2020848631205908,0.1462858815927269,0.24465055287946685,7.579999999998641,0.12457281686575732,0.10277549133838913,0.0013000152539461851,0.09481919556856155,1.8773013176366793,0.4419269006282167,2.8489326095165475,-3.657937528745743e-5,0.07423436641693115,0.10969935953021341,0.19237410919109976,-0.1197687967593454
1.3855044974186357,0.045610821370228184,0.9790721449643006,1.2789177306039905,0.004583939778970712,-0.3605365537160725,0.9160249272766442,0.9011183401373444,1.2668593205887682,-0.9115714763778503,0.05844891381062657,0.03784451785757758,0.03355033248272108,0.0037556395192071684,-0.0795522939957998,-0.007762634506637717,-0.027960440362068587,0.2034640350727038,0.15048715276147198,0.24625756811627278,7.61999999999869,0.1256749369701498,0.10352069916590817,0.0013000152539461851,0.09481919556856155,1.8775806427001953,0.44250553846359253,2.848578453063965,-3.8161440897965804e-5,0.07423436641693115,0.10949994623661041,0.19092309474945068,-0.1199711263179779
1.3879310497419022,0.044550050682016146,0.980816290471088,1.2791525249281115,0.004430835838396658,-0.3637278033000699,0.9148804031762129,0.9092815045416635,1.2729591634733894,-0.9016315089177771,0.05893302347068849,0.03811121817335917,0.03453256728590353,0.003617601844169383,-0.07971185087166531,-0.00763602613414515,-0.029237040489039436,0.20486729556304034,0.15461197411561,0.24796137053686432,7.659999999998739,0.12696446933838218,0.10431044554843769,0.0013000152539461851,0.09280584007501602,1.904521107673645,0.4523925185203552,2.841064453125,5.3816762374481186e-5,0.04759783297777176,0.10622668266296387,0.22126983106136322,-0.11202560365200043
1.3903745688981288,0.043447953254639286,0.982575574377989,1.2793849211056794,0.004277045215752052,-0.36692478781234483,0.9136865278038541,0.9175014615175161,1.2792218926286962,-0.8916205483695296,0.05935721644069272,0.03838544905770812,0.03553466639996619,0.0034763116062362623,-0.07986947071614417,-0.00750790518273805,-0.030426296098263736,0.2063059659885173,0.1586265093171097,0.24976380089455322,7.699999999998788,0.12815189671045737,0.1050485681179498,0.0013003852218389511,0.09606555104255676,1.8910149335861208,0.46825966238975525,2.833969831466675,3.135315273539163e-5,0.04759783297777176,0.12960092723369598,0.2023783028125763,-0.12936243414878845
1.3928324538516572,0.042303721129770516,0.9843502962272145,1.2796149054469168,0.004122600478753957,-0.37012743698296763,0.9124468696044825,0.9257798420275509,1.2856424359347676,-0.881534700405803,0.05971612313311378,0.038671002702186076,0.03655586914444845,0.0033318488220431034,-0.0800250041703814,-0.00737849902648787,-0.031524957609069884,0.2077905801296479,0.16249828521917198,0.2516638056378737,7.739999999998837,0.12933385375130904,0.105853750993841,0.001300357057872974,0.09660232416830764,1.8923550446104567,0.4701986145292656,2.8330806617180437,2.975533733211546e-5,0.047791797431095066,0.12930523425149507,0.2041334278239076,-0.1287016203902118
1.3953019079461153,0.04111660503199557,0.9861408907997584,1.2798424663231438,0.003967539708360218,-0.3733356765272949,0.9111650617365105,0.9341186758509625,1.2922144697158156,-0.8713701736962054,0.06000530520045386,0.038971422084695374,0.037595328830104,0.003184268727731248,-0.0801783033472459,-0.00724804937568266,-0.03253307584215208,0.20933048921318773,0.16619736880847544,0.2536573134930972,7.779999999998886,0.13056468687437614,0.10661013895113083,0.00130020035430789,0.09958891570568085,1.8998113870620728,0.48098689317703247,2.8281333446502686,2.086513450194616e-5,0.048871010541915894,0.12766000628471375,0.2138988971710205,-0.12502487003803253
1.3977799795047616,0.03988591407628125,0.987947915892702,1.2800675935943056,0.00381190530828568,-0.3765494281902021,0.9098446667105321,0.9425203367998732,1.2989305432225333,-0.8611233977416735,0.06022147545777181,0.039289848196913606,0.038652138106901365,0.003033595770781851,-0.08032922548180657,-0.007116807840682151,-0.033454137686188615,0.21093349315431104,0.16969749071614218,0.25573729166738,7.8199999999989345,0.13180428883691403,0.10726454112024295,0.0013000351459879884,0.10202767811537145,1.9049884098361398,0.48975789140733045,2.8220365084499357,-4.866556475327944e-5,0.05530454420753705,0.13476234645361168,0.21050306197541002,-0.1252503812649811
1.4002636102496955,0.03861101379773277,0.989772034578109,1.2802902779879848,0.003655742587451811,-0.37976860990673306,0.9084890398037819,0.9509874740951126,1.3057822457189758,-0.8507911341469285,0.06036267685021797,0.03962888707726537,0.039725343140031094,0.0028798192902711245,-0.08047763658577896,-0.006985030779286956,-0.03429498902906296,0.21260552052645973,0.17297704167973954,0.25789399252913053,7.859999999998983,0.13292590126387188,0.10785392546469766,0.00130020035430789,0.10416688770055771,1.914372205734253,0.5034093856811523,2.815729856491089,1.337352478003595e-5,0.04946587234735489,0.15140384435653687,0.23126287758350372,-0.12495683133602142
1.402749689749492,0.03729132323876851,0.991613992788758,1.2805105104749581,0.0034990981837295077,-0.3829931360818269,0.9071012000152113,0.9595229322626395,1.3127604096956806,-0.8403705736637817,0.06042840948697218,0.039990506183360974,0.04081394417890539,0.002722891334615178,-0.08062341492348181,-0.006852973627148445,-0.03506553530204446,0.21435037733234535,0.17601987348616702,0.2601153835784397,7.899999999999032,0.13406965048922692,0.10834174273448705,0.0013002679884690767,0.10610481596520392,1.9172790967683173,0.5084120539124639,2.8130158219677464,2.612389179826083e-5,0.049085004453226444,0.14900028504639318,0.23759882672280938,-0.1301243074929219
1.4052351137553605,0.03592631193177457,0.9934745934073932,1.2807282816894598,0.003342018410535481,-0.38622291798599084,0.9056837173053959,0.9681296626282009,1.3198553412434593,-0.829859411927904,0.0604196988166882,0.040375967125861355,0.04191688191252732,0.0025627268871837947,-0.0807664541337192,-0.0067208849487646605,-0.0357782306139904,0.2161695800083408,0.1788158496310856,0.2623877332190614,7.939999999999081,0.1352735233086344,0.10884660775224819,0.001300385221838951,0.10946391522884369,1.9227121061321046,0.5180732657836961,2.8077889404780327,3.674195269318076e-5,0.04842482879757881,0.14405051181320608,0.24884359716180077,-0.1393381842328316
1.407716844103579,0.03451549761342071,0.995354668264817,1.2809435814407335,0.0031845476140097122,-0.38945786425785683,0.9042386239970679,0.9768106299822426,1.3270570668415045,-0.8192558981616304,0.06033910263443177,0.040785798320158426,0.04303301107815847,0.002399206543047727,-0.08090666584168822,-0.006589000466246265,-0.03644738778516929,0.21806228173143566,0.1813611123310896,0.264696304120183,7.97999999999913,0.1366236297863016,0.1094122363117856,0.0013002067339001186,0.1120557435341415,1.930766056322623,0.5309790924328875,2.800345452340201,-7.236597073080859e-5,0.051400144508947546,0.14996639447574872,0.23584818719179626,-0.1488903641953778
1.4101919678568002,0.03305844539459404,0.9972550495465313,1.2811563983558707,0.003026726626527725,-0.3926978814989001,0.9027673565258609,0.9855687182045993,1.3343555850043067,-0.8085588531691539,0.060190659189116494,0.041219807130809326,0.0441610647711615,0.0022321814335247137,-0.08104398163570543,-0.006457537322189881,-0.03708836070478101,0.22002529374491628,0.18365805927581197,0.26702608644270953,8.019999999999179,0.1380829142156438,0.11002782297858082,0.00130020035430789,0.11505656426984805,1.9366774983293449,0.5418308341904142,2.7936494432764616,4.634975807481942e-5,0.059456535405806754,0.14088854369204493,0.2143890139096124,-0.14455831080723233
1.4126577535163207,0.03155476889994819,0.9991765420534511,1.2813667196828937,0.0028685913921319686,-0.39594287494061947,0.9012707313737525,0.9944066385569885,1.3417411115413247,-0.7977676555767224,0.05997978261111574,0.04167712714182072,0.04529961447591321,0.0020614799654142895,-0.08117835431919562,-0.006326688813196123,-0.03771666466938955,0.22205319584789635,0.18571505088613216,0.2693624850190593,8.059999999999228,0.13922278442002992,0.11054767442721042,0.00130020035430789,0.11588746309280396,1.9383046627044678,0.5448508262634277,2.79178524017334,8.078690007096156e-5,0.06172794848680496,0.13819386065006256,0.20840421319007874,-0.14323636889457703
1.4151117024049271,0.030004133131469417,1.0011198976824216,1.2815745312566713,0.0027101718347387047,-0.3991927491343047,0.8997489536727371,1.0033268431422595,1.349204298139593,-0.7868822016119508,0.059713116287408094,0.04215629321827287,0.0464470714162009,0.0018869157681838695,-0.08130975615145714,-0.006196620848555049,-0.03834732876646659,0.22413846489645678,0.18754511645786875,0.27169158985158215,8.099999999999277,0.14059534873382798,0.11119336069631043,0.0013000152539461851,0.11629492789506912,1.9460464715957642,0.5543543100357056,2.782581329345703,4.4336899009067565e-5,0.037694014608860016,0.12002186477184296,0.17527565360069275,-0.15223383903503418
1.4175515952407185,0.028406257685358965,1.0030857919858431,1.2817798175410802,0.0025514909555252423,-0.40244740860711126,0.8982016446869929,1.0123314469065423,1.3567364202170946,-0.7759028542756163,0.059398435650548594,0.042655259019888835,0.04760163557005049,0.0017082908946568897,-0.08143818132802055,-0.0060674679598413,-0.038994310927321064,0.22627184116750496,0.1891670686647578,0.2740003836819588,8.139999999999326,0.14201651676523114,0.11188709044762618,0.001300045327202685,0.11693746272857315,1.9476294515566748,0.5569497681011109,2.7809419112258573,3.62412566750925e-5,0.03687366156514009,0.1222254344868277,0.1845561113629176,-0.15482811807747265
1.4199755325046086,0.026760925504356145,1.0050748019041627,1.2819825619137162,0.0023925640391501257,-0.40570675874676193,0.8966279169754319,1.02142216257467,1.3643296363857549,-0.7648303521262971,0.05904436781892044,0.043171537654273714,0.04876117238685415,0.0015254083980509323,-0.08156364941673233,-0.005939326128828929,-0.03966894336618621,0.22844247230260684,0.19060544155787165,0.2762774758677702,8.179999999999374,0.14347956828045533,0.11260424856770429,0.00130020035430789,0.1202497184276581,1.9558507638870841,0.5704425301504829,2.7724006505058365,-5.213573289503841e-6,0.03263473657528779,0.13368997037684557,0.23258172641763297,-0.16814111671889032
1.422381961869561,0.025067993789757107,1.0070873915224137,1.2821827472556864,0.00223339838263688,-0.4089707065722923,0.8950264928440181,1.0306002424377587,1.371977137962595,-0.7536656996174433,0.05866007794725534,0.04370240777375284,0.04992326133006339,0.0013380863969208279,-0.08168619821332058,-0.005812253278925856,-0.04037942803165514,0.23063826746665453,0.1918870192907467,0.27851214345781744,8.219999999999423,0.14503187702819653,0.11338919634936613,0.00130020035430789,0.12024971842765808,1.9617698192596436,0.5814146995544434,2.7636702060699463,2.1733172616222873e-5,0.03166375309228897,0.143882155418396,0.2505117356777191,-0.16228163242340088
1.4247696964013432,0.023327404301726484,1.0091239031865147,1.2823803565824108,0.0020739933839251236,-0.4122391613432278,0.8933958302649089,1.039866438016429,1.3796732263054288,-0.7424100833961707,0.058255085538884914,0.04424497316810468,0.051085215760254134,0.0011461623858834754,-0.08180588078155061,-0.005686269872269117,-0.04113086202953542,0.2328463169757677,0.19304039583717603,0.2806920531847484,8.259999999999472,0.14674304803133797,0.11434658874033832,0.001300086694990182,0.12286945847505387,1.9674066900726137,0.5904733889223304,2.760307276480565,7.017525857317382e-5,0.03166375309228897,0.14244573496584667,0.24516255704224826,-0.15220798679353648
1.4271379262140724,0.02153919326423185,1.0111845495154004,1.2825753736351009,0.0019143407427309606,-0.41551203509132284,0.8917342435239096,1.0492209723802812,1.3874133918584697,-0.7310648427589648,0.05783910481867573,0.04479615290390794,0.05224408883699667,0.000949494285289048,-0.08192276325845338,-0.005561359058514038,-0.04192546703486993,0.2350531253678673,0.19409631585212045,0.2827990663303993,8.299999999999521,0.1481347349903772,0.11488315117253026,0.0013000152539461851,0.12451610714197159,1.9709497690200806,0.596167266368866,2.7581934928894043,0.000100623736216221,0.03166375309228897,0.14154286682605743,0.24180030822753906,-0.14587615430355072
1.4294862239701953,0.01970350136680439,1.0132694040296102,1.28276778340961,0.0017544246903370385,-0.41878924307700893,0.8900400128322457,1.0586635197231111,1.3951944168791035,-0.7196315368038542,0.057421891495328656,0.04535262118833872,0.05339664597277553,0.0007479601327504363,-0.08203692270124333,-0.005437467001779649,-0.04276292743239145,0.23724474418345615,0.19508848818378857,0.284801282458111,8.33999999999957,0.14953301082985201,0.11547937420275833,0.0013003836973863787,0.12895585940741308,1.9812613846828306,0.6136160353879108,2.745590380697579,-0.00010118634682109817,0.057494894649910144,0.16732436938325276,0.277031355053542,-0.14731699121486488
1.4318145446206358,0.017820585748230658,1.0153783876372389,1.2829575726094709,0.001594222201805891,-0.4220707041710498,0.8883114800493027,1.06819318815717,1.403014528077819,-0.7081121925320806,0.057013108073905465,0.04591066642686736,0.05453925062166823,0.0005414568157971564,-0.08214844528001712,-0.005314503340408708,-0.043640793159418254,0.23940678938176496,0.196055261424476,0.2866367834219593,8.379999999999619,0.1509737965731972,0.11612893704390735,0.0013003852218389511,0.12897422909736633,1.9813040494918823,0.6136882305145264,2.7455382347106934,-0.00010202134581049904,0.057601772248744965,0.16743104159832,0.2771771252155304,-0.14732295274734497
1.4341232205922976,0.015890838765624155,1.0175112456474613,1.283144730016911,0.001433703137586769,-0.4253563411801418,0.8865471296847738,1.0778084996689306,1.4108736544864644,-0.6965099245525974,0.05662223844281151,0.046465884734551766,0.05566754414935442,0.0003298977894780504,-0.08225742566013859,-0.005192341350136745,-0.04455492353615271,0.24152425601666414,0.19704321826939306,0.28817730949266196,8.419999999999668,0.1524935720776921,0.11684933042186824,0.0013003852218389511,0.1317545771598816,1.993132472038269,0.635906994342804,2.7364301681518555,-2.9531238396884874e-5,0.07006580382585526,0.1715080440044403,0.31265705823898315,-0.1461039036512375
1.4364129554020137,0.01391482514664618,1.0196675036339053,1.283329246780587,0.0012728302232986456,-0.42864608117583236,0.8847456568297396,1.087507355759509,1.4187739188406838,-0.6848304068637145,0.05625861852431808,0.04701249916095887,0.056775628383554676,0.00011320917467017777,-0.08236396954739204,-0.005070816811895125,-0.04549996579337892,0.24358092878281168,0.1981153111089149,0.28913972210666056,8.459999999999717,0.15400689505231552,0.11748825940780483,0.0013000152539461851,0.1317545771598816,2.0024690720183367,0.6503234625288182,2.7289642748615703,-4.357478442006656e-5,0.06588603543035891,0.15611176909625712,0.2814415386491971,-0.14745890817082713
1.4386848226308682,0.01189336640259882,1.0218463744878121,1.2835111166184292,0.0011115586747446292,-0.4319398559808624,0.8829060282494692,1.097286964645184,1.4267206760866813,-0.6730855175370545,0.055931733926538184,0.047541773471270435,0.057853998876636,-0.00010867741222261678,-0.08246820397180285,-0.004949723367579528,-0.04646985985503147,0.2455579068856276,0.19937028585606492,0.2888663639137998,8.499999999999766,0.1558948755971521,0.11821555806180718,0.0013000903518503456,0.13570266158465596,2.007826767719046,0.6583862300615393,2.7246369982377585,-3.5448030454555886e-5,0.07006879356571243,0.1759491716954028,0.28931985267691956,-0.14515861492738358
1.4409402852900794,0.009827743398664383,1.0240465505284113,1.2836903359329608,0.0009498350556484114,-0.4352376031389698,0.8810275513967706,1.1071436721195564,1.4347248421342247,-0.6613024975574598,0.05565200605092085,0.04803838455714857,0.058884676364322576,-0.00033583253736549145,-0.08257029768311766,-0.004828800259006903,-0.0474576942958565,0.24742988165702828,0.20098813705935825,0.2860229181413094,8.539999999999814,0.15779419296085273,0.11901174422023161,0.00130020035430789,0.1414857655763626,2.0132181644439697,0.6660352945327759,2.7195804119110107,4.9093287088908255e-6,0.07998541742563248,0.20331306755542755,0.3147346079349518,-0.14208060503005981
1.4431812471125063,0.007720108430638588,1.0262657866784572,1.28386690409254,0.0007875951175777767,-0.4385392669985646,0.879109954698129,1.1170725168443698,1.4428072657191646,-0.6495365620506777,0.05543079665873685,0.04847615081805059,0.059836902727990304,-0.0005682578447801252,-0.08267039340050747,-0.004707711800824661,-0.048449234227226176,0.24915405512517985,0.203277954401414,0.280779175060603,8.579999999999863,0.15948310253722237,0.11968227815734025,0.00130020035430789,0.1478028639164979,2.0240322671027897,0.6839063969075121,2.7120889816550737,-4.347698681520579e-5,0.05918555884643773,0.21606587270817873,0.33072791802589835,-0.13294829284027657
1.4454100117873843,0.005573593824322468,1.028500657896656,1.2840408258641858,0.0006247647015526683,-0.4418447929208409,0.8771532130387912,1.127066143930429,1.450998573998177,-0.6378266237425275,0.055274090968610565,0.04883438042038587,0.06069619915041711,-0.000805648982662379,-0.08276827259643389,-0.004586036699795331,-0.04943517738230401,0.25065619320197374,0.2063542583398696,0.2781887024569471,8.619999999999912,0.16109276218655805,0.12022201179874176,0.00130020035430789,0.14979193402394042,2.033039252425773,0.7000938211224186,2.704289907290827,2.741323940173621e-5,0.0735745611998007,0.2013614235035403,0.3110140192402135,-0.14992382833158988
1.4476290146858284,0.003391007308900068,1.0307475706136964,1.284212114506771,0.0004612686858890048,-0.44515411635832464,0.8751566926979666,1.1371147611895396,1.4593232526896909,-0.6261508720442553,0.05518295613787919,0.04912045726260858,0.06148665313780884,-0.0010476875632257322,-0.08286380831820314,-0.004463439156621432,-0.05045175475644961,0.25190711851602243,0.20988219988718368,0.27451434209052594,8.659999999999961,0.1630434092977289,0.12097213167683586,0.00130020035430789,0.15016235411167145,2.034789800643921,0.7032463550567627,2.7027664184570312,4.174032437731512e-5,0.07652778178453445,0.19837844371795654,0.30701935291290283,-0.15334452688694
1.4498407765293087,0.0011745326612748429,1.0330032441085815,1.284380785926153,0.00029703355851083457,-0.448467173810371,0.8731192875352682,1.1472087601782848,1.467799224287779,-0.6145257356365146,0.05515879736482127,0.04933231885187246,0.06221184765834007,-0.00129414395264752,-0.08295706175856342,-0.004339765179901412,-0.05149369929748284,0.25292327838742507,0.2138858714817726,0.2707297666612463,8.70000000000001,0.16471316235834235,0.12139912711097903,0.0013000152539461851,0.15378157794475555,2.0770819187164307,0.7218099236488342,2.693742275238037,7.04745325492695e-5,0.06674235314130783,0.19844600558280945,0.32625266909599304,-0.14245641231536865
1.4520477757150212,-0.0010737984528019634,1.0352642773192393,1.2845468560864388,0.0001319872640312936,-0.45178390014822095,0.8710396738932641,1.1573384375725213,1.4764436583130889,-0.60294867859477,0.055196291790223284,0.04947049452487849,0.0628840746960144,-0.001544760183749362,-0.08304782712014729,-0.00421483552744802,-0.052577262541782493,0.2536932822116929,0.21823308968752597,0.2671637936807336,8.740000000000059,0.16666181813083245,0.121949087370565,0.00130020035430789,0.1597956390265037,2.0554787100355907,0.7375085702773401,2.6883767325330514,-4.729305431141509e-5,0.07880098053017562,0.182428319131692,0.3340263819300995,-0.15032888261455007
1.454252242678775,-0.003352507217959353,1.0375275198165976,1.2847103394834125,-3.393717229993435e-5,-0.45510422519883864,0.8689159599072075,1.1674944705490413,1.4852682481338142,-0.591425341081688,0.05528754622841877,0.049538840939568674,0.06351396547742202,-0.0017993072770157868,-0.08313599009548964,-0.004088634183322345,-0.05371033494886357,0.254244707607944,0.22285241629984243,0.26340375882635864,8.780000000000108,0.16852868997733844,0.12242315282030283,0.00130020035430789,0.16087624430656433,2.0582547187805176,0.7430699467658997,2.6848740577697754,-3.6852463836112292e-6,0.08191660046577454,0.19970428943634033,0.3283768594264984,-0.14762739837169647
1.4564560242728242,-0.005660428333068374,1.0397899711519296,1.2848712464737573,-0.00020079924263336938,-0.458428073376579,0.866745966011862,1.1776684901576135,1.494282386385107,-0.5799568501504155,0.05542000247875705,0.049541302952886855,0.06411214461831514,-0.0020575382198424427,-0.08322129726163058,-0.003961200115946965,-0.05490307555596603,0.25459836963509125,0.22765347367910227,0.25953925035717446,8.820000000000157,0.1702044985000918,0.12281459964400901,0.0013003852218389511,0.1654302477836609,2.0723483562469482,0.7635149955749512,2.676173448562622,3.6431069020181894e-5,0.06564321368932724,0.18980565667152405,0.328052818775177,-0.13951115310192108
1.4586604271744181,-0.00799679312574044,1.0420489101445332,1.285029582491024,-0.00036864825164352537,-0.4617553611274184,0.8645272039803685,1.187853316521646,1.5034918795855474,-0.5685476103180516,0.05557824065584821,0.04948391462593509,0.06468792289972798,-0.00231918225130443,-0.083303489540262,-0.003832686205473918,-0.05615848164743766,0.2547913226714507,0.232569975675659,0.25571865395057514,8.860000000000205,0.1719460442253284,0.12337977287108605,0.0013003852218389511,0.1654302477836609,2.0811061280969367,0.7770579149381786,2.6698866156367203,-7.879993352860301e-5,0.07172076601967683,0.1954024354348487,0.29853767352339966,-0.18398966676189887
1.4608661005169177,-0.010361130542596316,1.0443019132237379,1.2851853475372916,-0.0005375204605667844,-0.46508599576581305,0.8622571211331409,1.198043266496202,1.5128998056414222,-0.5571999496610243,0.05574410867379371,0.04937408841785497,0.06524984323856965,-0.002583935938410692,-0.08338226344899309,-0.0037033189325648146,-0.05747681005266795,0.2548624910484931,0.23752573237414007,0.2517749350709318,8.900000000000254,0.17384231084139506,0.12381703235197455,0.0013003852218389511,0.1654302477836609,2.0854830741882324,0.7844239480360894,2.6662813656478694,-8.915248326957227e-5,0.07544635981321335,0.18599850638871945,0.29339669389247564,-0.18336143572051314
1.4630729449680973,-0.012753224349098332,1.0465469168862664,1.2853385367378316,-0.0007074363673971594,-0.4684198745363588,0.859933328217994,1.2082343342905335,1.522506425304014,-0.5459168913707736,0.055897727411567406,0.04922055077634594,0.0658045620140945,-0.0028514375023936727,-0.08345730119352514,-0.0035734043642814332,-0.05884985771492381,0.2548556157211897,0.24245519750909483,0.2478081307480891,8.940000000000303,0.1757366518298636,0.12424353388480275,0.0013000797040258446,0.17093271550300332,2.092047744603344,0.7967461243986204,2.6602872054875646,-1.537801077070271e-5,0.07114388966827716,0.17968463499400256,0.2905797417893403,-0.1746463802311852
1.4652800562191834,-0.015173036098174244,1.0487822593520117,1.2854891416755174,-0.0008783980225139451,-0.4717568841965626,0.857553907678107,1.2184242911138852,1.5323093263037773,-0.5347006859418797,0.056018387470195524,0.04903338508684108,0.06635704014825249,-0.003121261216143625,-0.08352828840411769,-0.0034433103045563183,-0.06026179420065843,0.2548159207061514,0.24729174769277623,0.24381593098908302,8.980000000000352,0.17773755169690045,0.12464449926407195,0.0013003852218389511,0.1774624139070511,2.107102394104004,0.8144959211349487,2.645949125289917,9.181169843941461e-6,0.06797536462545395,0.18766050040721893,0.30971151590347284,-0.16968241333961484
1.467485705777656,-0.017620626396884005,1.051006723332412,1.2856371524242267,-0.0010503865513514458,-0.47509690125892434,0.8551177528072833,1.228612721089212,1.542303459202507,-0.5235528007680774,0.05608546825254945,0.048823837057083326,0.06691022802410312,-0.0033929064681869703,-0.08359493067229909,-0.003313453785366234,-0.06168797845779917,0.25478857462728155,0.25196968603113845,0.23982604644312117,9.020000000000401,0.17981187893811557,0.12497183466062538,0.0012999798651939015,0.1790555874607216,2.1089933087886252,0.8230132657770678,2.6451964513843236,6.115187358495725e-5,0.06567403956049286,0.18696284684221978,0.3354890080563523,-0.17537714376103566
1.4696873580683196,-0.020096071921444,1.0532195729588747,1.2857825601253958,-0.001223359989282662,-0.4784397927847133,0.8526249186050215,1.2388009886354228,1.5524811392757223,-0.5124735794239309,0.05607935029089338,0.04860418170375122,0.06746502042711039,-0.0036657946665081182,-0.08365697114440074,-0.0031842863293260006,-0.06309503622336704,0.25481726682129163,0.2564231329769767,0.23587488014487332,9.06000000000045,0.1813562903960329,0.1252563718908271,0.0013000152539461851,0.18100973963737488,2.114400863647461,0.8347612619400024,2.6358823776245117,3.0505643735523336e-5,0.07981615513563156,0.19029897451400757,0.30322861671447754,-0.1504645049571991
1.471881722125465,-0.022599382430148817,1.0554205847003746,1.28592535989857,-0.001397251552438576,-0.4817854177077882,0.8500769595139335,1.248992153805107,1.562832033322447,-0.5014619223288128,0.055982240807299244,0.048387526341540504,0.06802027595524376,-0.003939271590259098,-0.08371420507246762,-0.003056278952685356,-0.06444154515944851,0.2549429825672423,0.2605857670540402,0.23200552353567955,9.100000000000499,0.18353387523650141,0.12569190323351626,0.0013000152539461851,0.1859232783317566,2.1254143714904785,0.8545591831207275,2.627709150314331,4.9754802603274584e-5,0.06951262801885605,0.170678049325943,0.3152705729007721,-0.15269115567207336
1.4740648338709066,-0.025130421947666244,1.0576100708785303,1.2860655538643069,-0.0015719684776086518,-0.4851336285869904,0.847477226897264,1.2591908445982767,1.5733431467251093,-0.4905150170412665,0.05577887834002948,0.04818757290772936,0.06857293454597474,-0.004212615871956329,-0.08376649111047246,-0.0029299076523239486,-0.06567935812031848,0.255203061011451,0.2643911214103381,0.2282674636602878,9.140000000000548,0.1856752447961101,0.1260170349500647,0.0013000152539461851,0.18706071357448817,2.12896406950553,0.8603997219252317,2.625344846126528,3.0129960581985664e-5,0.07199823500815394,0.17156499313150128,0.30952022261397055,-0.1561760547745955
1.4762321634789521,-0.027688838010122858,1.05978889419687,1.28620315404618,-0.0017473915570327906,-0.48848427366370367,0.8448311010099736,1.2694030962488012,1.5839988313152598,-0.4796281290355474,0.055457079682168245,0.04801833483331354,0.06911823210619399,-0.004485053780400389,-0.08381375850339744,-0.002805639956685962,-0.06675553969861286,0.2556304824329985,0.2677733321833872,0.22471453575239916,9.180000000000597,0.18758000077018638,0.12622494575354073,0.0013000152539461851,0.19049913266809004,2.1394165022554503,0.877200248370418,2.6183065883664742,-2.0414700468768605e-5,0.07930936142667966,0.17529700752229535,0.29626147960530425,-0.16603538424981507
1.4783787411104767,-0.03027400277326849,1.0619584716209045,1.2863381849218227,-0.00192337548333805,-0.4918371990795995,0.8421461346499567,1.2796361661256037,1.5947808320384222,-0.4687944779817593,0.05500810260644506,0.047893808450986806,0.0696500062956316,-0.004755780036793974,-0.08385600961174627,-0.002683923192140412,-0.06761482996079608,0.25625335372286057,0.27066831283906473,0.22140242301623325,9.220000000000645,0.1893522326231745,0.1263634708076273,0.0013000152539461851,0.19531890749931335,2.1501259803771973,0.8886303305625916,2.6099846363067627,3.317421942483634e-5,0.08668408542871475,0.19542096555233002,0.33612769842147827,-0.1702839434146881
1.480499293486476,-0.03288496942426479,1.0641207659273346,1.286470685406969,-0.0020997501010784174,-0.49519225109691356,0.8394320894871378,1.2898983314358206,1.6056683879775544,-0.4580052177636851,0.054426808865135325,0.047827602568806284,0.07016108362403867,-0.005023984092544913,-0.08389331748135673,-0.002565175050769552,-0.06820252724502994,0.2570945551057663,0.2730152786232725,0.2183857420246538,9.260000000000694,0.19118294338396516,0.12641388625026528,0.0013002698209629967,0.1994584408241788,2.1600789387483776,0.9092208310412788,2.6030990986645146,-3.591876555224479e-6,0.08448469817566015,0.2080026217089118,0.31704615715192086,-0.17028194404629932
1.4825883834243223,-0.03552044677254368,1.0662782633752268,1.286600710081494,-0.002276322634704408,-0.49854927816038414,0.8367008508830027,1.3001986754705874,1.6166383999543215,-0.4472495335070251,0.05371162422181232,0.04783253395694529,0.0706437324186269,-0.0052888809462786745,-0.08392581844902357,-0.002449776952249029,-0.06846765842709238,0.2581715134032396,0.27475852895319514,0.21571484200424138,9.300000000000743,0.19332643468649277,0.12659551332250565,0.0013003852218389511,0.20133498311042786,2.164590835571289,0.918554961681366,2.599977731704712,-2.0258763470337726e-5,0.08348766714334488,0.21370616555213928,0.3083960711956024,-0.1702810376882553
1.4846405446248188,-0.038178794095658684,1.0684339362623154,1.2867283295026537,-0.0024528809279735207,-0.5019081326470135,0.8339662127069307,1.3105468668601614,1.6276656729756334,-0.4365148632334931,0.052864305855070036,0.04792020118989628,0.07109016017446675,-0.005549745207043474,-0.08395370009584512,-0.0023380705443238423,-0.06836628391739467,0.2594960733196419,0.2758493830992697,0.2134324740521222,9.340000000000792,0.1952759082118588,0.1266671949422373,0.00130020035430789,0.20411533117294312,2.173471212387085,0.930670976638794,2.590977668762207,5.616859925794415e-5,0.08152734488248825,0.19361217319965363,0.3115847110748291,-0.16685616970062256
1.4866504047131672,-0.04085803727078054,1.0705911896299822,1.2868536294983524,-0.002629197686727782,-0.5052686721682996,0.8312435301724381,1.320952935319807,1.6387232374266494,-0.42578724546806174,0.0518895419335603,0.04810055396033726,0.07149302760561192,-0.005805946730430854,-0.0839771852227018,-0.002230357476778876,-0.0678647644446562,0.26107444623764275,0.27624815645431,0.21157050316333453,9.380000000000841,0.19713222601825353,0.1267021949993675,0.0013003852218389513,0.21051490306854248,2.1859467029571533,0.9541600942611695,2.5798561573028564,-4.9658607167657465e-5,0.09180445969104767,0.20363442599773407,0.3271680474281311,-0.16298696398735046
1.4886127908171116,-0.04355590594305012,1.07275379206139,1.2869767093923639,-0.002805035666004013,-0.5086307603205741,0.8285492460190711,1.3314270467090588,1.6497827483203011,-0.4150517872684121,0.05079442270658801,0.04838147897149365,0.07184594606158526,-0.006056985792816719,-0.08399651291492063,-0.0021269023156687923,-0.06694279771546774,0.2629072240757559,0.2759260617159955,0.2101468522319954,9.42000000000089,0.19907553967391808,0.12676482695110478,0.0013003852218389511,0.21051490306854248,2.1859467029571533,0.9541600942611694,2.5798561573028564,-4.9658607167657465e-5,0.09180445969104767,0.20363442599773407,0.3271680474281311,-0.16298696398735046
1.4905228137860969,-0.046269890014028224,1.0749257913416654,1.2870976791828097,-0.002980153685294822,-0.5119942668229643,0.8259003033618626,1.3419792798654124,1.660814957320348,-0.40429323976862125,0.04958783581645574,0.04876842609176976,0.07214392083773166,-0.006302525472907913,-0.08401191815637787,-0.002027938152783376,-0.06559601777574438,0.2649894523602633,0.2748669224790626,0.20916288019487858,9.460000000000939,0.20120129221774777,0.1267863970624017,0.0013003852218389511,0.21415811777114868,2.193892240524292,0.9671509861946106,2.5738041400909424,-5.3412859415402636e-5,0.09442684054374695,0.20987457036972046,0.3203064799308777,-0.16311471164226532
1.4923759294340726,-0.048997312166010026,1.077111416652117,1.287216655772268,-0.0031543132952197633,-0.5153590670382514,0.8233134669883456,1.3526194075280096,1.6717902479292412,-0.39349666058777855,0.04827984898529433,0.04926409894663679,0.07238370144590511,-0.006542418739168899,-0.08402361179789326,-0.0019336741379012386,-0.06383794278417322,0.2673107607614807,0.2730685971733659,0.20860140209721784,9.500000000000988,0.2031836806243045,0.12678493634262977,0.0013001155044490174,0.2163947503870658,2.1995421258317585,0.974687971202121,2.567775687670397,-6.767319328094161e-6,0.09526305656496226,0.21194499325107302,0.3173574195241612,-0.17354834486263415
1.4941679777703856,-0.05173541160618377,1.0793149698646047,1.2873337584278608,-0.003327285859420479,-0.5187250409366531,0.8208045833661685,1.363356683627625,1.682679220477392,-0.382648134678233,0.04688114872701144,0.049868232064354846,0.07256400227276887,-0.006776727759592827,-0.08403176291680119,-0.0018443038580504294,-0.06170106360710305,0.2698555505630366,0.2705440294660557,0.20842555226875628,9.540000000001037,0.20506070768930373,0.1267430114371707,0.0012999912130021154,0.2193926126974688,2.2070115402755106,0.9858491461188317,2.5599893841108083,4.269351425319248e-5,0.09407496158518086,0.20596926916895558,0.3115985314254267,-0.18694420551623628
1.4958952038351616,-0.054481432893946906,1.0815407092884017,1.287449103725978,-0.0034988597627965403,-0.522092071631067,0.8183878174663108,1.374199639176066,1.6934533106640415,-0.3717355179171552,0.045402602283825366,0.0505774719750438,0.07268556410705246,-0.007005733209003699,-0.08403648565581785,-0.0017600132557926262,-0.059236891717211596,0.27260323723730606,0.26732186628370497,0.2085786678238015,9.580000000001085,0.2069719962820445,0.12664942531280182,0.0012998302699998021,0.2232181876897812,2.2170698642730713,1.0039305686950684,2.548781156539917,-6.639365165028721e-5,0.07625804841518402,0.20863170921802524,0.32510510087013245,-0.1892639398574829
1.497554266176285,-0.057232712802300134,1.0837927298044165,1.2875628003008097,-0.003668847417728656,-0.5254600436772903,0.8160749108502682,1.3851558888596982,1.7040854236096665,-0.36074916170904386,0.04385500009646096,0.05138537263761107,0.07275103904570202,-0.007229931874656591,-0.08403783244281335,-0.0016809866646788174,-0.05651483408151325,0.2755285435487856,0.2634466138648734,0.20898532519238633,9.620000000001134,0.2089199966370331,0.12648329698703087,0.0013003299945524612,0.2307507171230603,2.230375818913958,1.0261935732188976,2.5387881113019297,2.7589213836576514e-5,0.08590508424711388,0.1973582956661542,0.33507351022230625,-0.172088661719462
1.499142240854492,-0.05998675784888578,1.0860748436268972,1.287674943760017,-0.0038370917199745157,-0.5288288413854776,0.8138745093712341,1.3962319501999545,1.7145505647740942,-0.3496825728994104,0.042249017340379585,0.05228250706896032,0.07276469770930223,-0.007450021639672402,-0.08403579504047064,-0.001607409582860186,-0.05361983536571478,0.27860183594487137,0.2589783314501801,0.2095535965975486,9.660000000001183,0.2106026078390426,0.12625572177149327,0.0013003852218389511,0.23158317804336548,2.231846332550049,1.0286539793014526,2.5376837253570557,3.797577301156707e-5,0.0869712308049202,0.19611240923404694,0.33617517352104187,-0.17019052803516388
1.500656629812299,-0.06274130555609682,1.0883904659246948,1.2877856121472038,-0.004003471610312911,-0.5321983474207339,0.8117916094331985,1.407433076826223,1.7248264495711403,-0.3385329621999541,0.040595406432253144,0.053256688300505534,0.07273197691919489,-0.007666873895389994,-0.08403031417065113,-0.0015394670259860118,-0.0506488196116928,0.281789496095618,0.2539918862323808,0.21017850997569468,9.700000000001232,0.21266200266308483,0.12601758506347824,0.0013003852218389511,0.2377191036939621,2.24442982673645,1.0497941970825195,2.5280842781066895,1.3566176676249597e-5,0.09448453783988953,0.1631951481103897,0.3410668969154358,-0.16120335459709167
1.5020953822338619,-0.0654943637185633,1.0907425092262013,1.2878948623144357,-0.004167906429239015,-0.5355684419739686,0.8098271684358835,1.418763107113377,1.7348940747678352,-0.3273016366893574,0.03890540062610004,0.05429328520126427,0.07265890549961665,-0.007881494494073594,-0.08402129756629065,-0.0014773366941677136,-0.04770606569839094,0.28505432166710026,0.24857580737375684,0.21074660210235083,9.740000000001281,0.21463933556112877,0.12580454143259984,0.00130020035430789,0.24021293516307995,2.2514045238494873,1.0586050916798706,2.5194318294525146,-1.6560926219736356e-5,0.07882022164370081,0.1863938049739326,0.2970117028018225,-0.17324203462015042
1.5034569366345627,-0.06824422395266194,1.0931332897516457,1.2880027275221484,-0.004330358814923503,-0.5389390027647447,0.8079779177721307,1.4302243286704281,1.7447382364393527,-0.3159941977574645,0.037191382704394656,0.055375570371302724,0.07255146745585518,-0.008094976049022802,-0.08400864720683149,-0.0014211755776701548,-0.04489772581305738,0.28835584041801704,0.24283079607545316,0.21114141643252263,9.78000000000133,0.21659864630830072,0.12554684329897278,0.00130020035430789,0.24108182031027617,2.2521198726590823,1.0620842935190329,2.5188004202627705,7.838284970254e-5,0.07845035088689487,0.19156482396877303,0.2961586771268504,-0.17437586110471254
1.5047403216633377,-0.07098945069275141,1.0955644355798555,1.2881092167430734,-0.004490836278874673,-0.5423099066251316,0.8062364127694376,1.441817328668645,1.7543479902709878,-0.30462050069904445,0.03546935437676925,0.056484453684841805,0.07241504772497154,-0.008308454684301702,-0.08399232169221041,-0.0013710819005477728,-0.04232546527170775,0.29164913170327855,0.23686853344894307,0.21125037927987095,9.820000000001379,0.21867451504275184,0.12521342471707708,0.00130020035430789,0.24445423483848572,2.2629454135894775,1.0765070915222168,2.5092451572418213,-2.382941829637275e-6,0.08339617401361465,0.1832367181777954,0.3169460594654083,-0.15218141674995422
1.5059453379932315,-0.07372884932839928,1.098036791798422,1.288214315916816,-0.004649391542536556,-0.5456810330867725,0.8045913321635034,1.4535408303067534,1.7637170642329352,-0.29319435468169264,0.033759130720988156,0.05759917551206747,0.07225387001143924,-0.008523050797433677,-0.08397235996118114,-0.00132707173925646,-0.04008072345886419,0.29488643885059357,0.23080998767492664,0.21097053404509367,9.860000000001428,0.2206965446485529,0.12494332686091192,0.0013000152539461851,0.2491520494222641,2.273922920227051,1.096436858177185,2.5016231536865234,2.910327020799741e-5,0.08658004552125931,0.20143528282642365,0.3353508710861206,-0.15712466835975647
1.5070726855305727,-0.07646140898815061,1.1005503727213974,1.288317990221088,-0.004806120499907863,-0.5490522677218751,0.8030279886720484,1.4653916302693895,1.7728441592997757,-0.28173302813080314,0.03208287978242568,0.05869849906921103,0.07207047967024112,-0.008739802969662681,-0.08394887871744876,-0.0012890711933071907,-0.038239555307939,0.2980192109280523,0.2247819150518584,0.2102136474856053,9.900000000001477,0.2224519753387995,0.12437323641192846,0.0012999223862259694,0.2525332956707887,2.2807576627584334,1.1074650052691035,2.496009884090113,-4.659168387851076e-5,0.07647221858867143,0.19376694187137106,0.3259649198460211,-0.16230492400531613
1.508124065969779,-0.0791862280323189,1.1031043453232485,1.288420187585944,-0.004961158326413568,-0.552423505804477,0.8015290480948949,1.4773645794209316,1.7817331154189784,-0.2702565484167991,0.03046503993369937,0.059761292694283194,0.0718654474348641,-0.008959614606483774,-0.08392209538149258,-0.0012568962843018236,-0.03685753066145796,0.3009987952545688,0.21891366848201813,0.20891175230083808,9.940000000001525,0.22426690674352168,0.12390285235769857,0.0012998302699998021,0.2558871805667877,2.287537097930908,1.1184039115905762,2.4904420375823975,-0.00012167410750407726,0.06644618511199951,0.18616065382957458,0.31665492057800293,-0.16744326055049896
1.5091022768598035,-0.08190243117033093,1.1056970355839209,1.2885208434234032,-0.005114674105962516,-0.5557946565399269,0.8000754355017192,1.489452596514684,1.7903929460689787,-0.25878680485145966,0.028932001478002206,0.060767115948680395,0.07163726882346527,-0.009183207283448082,-0.08389234546078707,-0.001230235888524229,-0.03596555972918814,0.30377738769507795,0.21333378009847506,0.20702191011081073,9.980000000001574,0.22615562996184946,0.12336945394968105,0.0013003852218389511,0.25897911190986633,2.2957582473754883,1.1375187635421753,2.48128604888916,-4.0462771721649915e-5,0.0504726804792881,0.18297992646694183,0.3334204852581024,-0.17931967973709106
1.510011284598914,-0.08460908628932282,1.108325958560333,1.2886198862624354,-0.005266864212658963,-0.5591656475540114,0.7986473828031535,1.5016467232789341,1.798837730050626,-0.24734649507836326,0.02751146658324816,0.06169680306990996,0.07138246796320351,-0.009411084042035897,-0.08386009085073928,-0.0012086399251254039,-0.03556705549578668,0.3063091495571701,0.20816627144505828,0.20452976113013152,10.020000000001623,0.22802664265706402,0.12281013770358862,0.0013002120644368359,0.26169558778766,2.3036158563720193,1.147890691293095,2.47393358147025,-9.235575118164276e-5,0.09339004529187163,0.20728008084245847,0.3186750464177881,-0.17437887533916488
1.5108562631190516,-0.08730512903729329,1.1109878723108377,1.288717243900558,-0.005417944765637446,-0.5625364292609337,0.7972255575268099,1.513936227170334,1.8070863520662597,-0.23595797095168958,0.026231494911208193,0.06253302906310694,0.07109589688603653,-0.009643505202622697,-0.08382591717496496,-0.0011915147616010917,-0.035636760189304485,0.3085514698457429,0.20352681116873209,0.20145147324291912,10.060000000001672,0.22971901639271397,0.12242522578108953,0.0013003852218389511,0.26331740617752075,2.3058009147644043,1.1567294597625732,2.47123122215271,-8.321549103129655e-5,0.08655697852373123,0.20892342925071716,0.3066348433494568,-0.18622668087482452
1.5116435861301458,-0.08998930244231333,1.113678855116381,1.288812849628369,-0.005568143535857755,-0.5659069786882315,0.7957922008842765,1.5263087569752107,1.815162089331445,-0.22464205403946538,0.025119280969635078,0.06326083977022694,0.07077120517176465,-0.00988047856502279,-0.08379051906259748,-0.0011781273807444476,-0.03612149264556122,0.310466333713891,0.1995188856018077,0.1978337529849464,10.100000000001721,0.2313728879326693,0.12192435371942363,0.0013002946926898747,0.2667535315290078,2.3284417719081496,1.18898618289046,2.4635431662440777,5.271502621200133e-5,0.08783561155513753,0.21267794139218882,0.29706137540125743,-0.17481597954569933
1.5123807650482401,-0.09266011382154077,1.1163944055629496,1.2889066481134457,-0.0057176917137834165,-0.5692773025553223,0.7943322190499587,1.5387505756278697,1.8230921438728978,-0.21341688578016926,0.02419989241014768,0.06386826825113177,0.07040106823617434,-0.010121760711801911,-0.08375469627246897,-0.001167614926430208,-0.03694034295976207,0.3120236145858416,0.19623875865076879,0.19375286536986097,10.14000000000177,0.23316918111070448,0.12126667879563272,0.001300570322200656,0.2709633409976959,2.3243045806884766,1.1843171119689941,2.451157569885254,-2.8286351152928546e-5,0.06469480693340302,0.1900752931833267,0.3222735524177551,-0.16750308871269226
1.5130763212742602,-0.09531577828545891,1.1191295874326408,1.2889986021495807,-0.0058668147148230355,-0.5726474406874843,0.7928344665928998,1.551246901287726,1.8309072930768968,-0.2022965575406493,0.023494088318724616,0.06434802717297392,0.0699768919493505,-0.01036677633347001,-0.08371935374406192,-0.0011589697552840796,-0.037977057126019495,0.31319940525914874,0.19375710735764484,0.18932789136873165,10.180000000001819,0.2350400118638441,0.12049022982784321,0.0013005228390396747,0.2713447917270748,2.326002644027426,1.1858782880186134,2.4501224467772946,-1.881260888827253e-5,0.06559486820913589,0.19087954234515975,0.3230452168356013,-0.16760382640518928
1.513739545400159,-0.09795421907342788,1.1218792224415859,1.2890886989578458,-0.006015721651571911,-0.5760174649187746,0.7912927473986461,1.5637820590497196,1.8386397972024682,-0.19128996788412184,0.023016130375022672,0.06469714186467705,0.0694920726928883,-0.010614706489359867,-0.08368530742157013,-0.0011511392598062835,-0.03910683758886718,0.3139750485332537,0.19208356749167307,0.1846896673191494,10.220000000001868,0.23682826462142118,0.11968017387133173,0.00130020035430789,0.27454615637849433,2.3433982016254684,1.2073853861302564,2.4386950245324894,1.3383450798816903e-5,0.0747426655911991,0.1997954366364192,0.33035028672777283,-0.16398492340040152
1.5143802378537363,-0.10057318126524221,1.1246380152156235,1.2891769488744953,-0.006164600879312005,-0.5793874733712442,0.789705555741743,1.5763398994198698,1.8463220460632606,-0.1804010187431562,0.022774302833762,0.06491440166902976,0.0689433695123431,-0.010864742928785961,-0.08365323363589847,-0.0011431122023226289,-0.04022159304723072,0.3143454854405807,0.1912209208023254,0.17995556064235474,10.260000000001916,0.23851566875235505,0.11878654150689796,0.00130020035430789,0.27525368332862854,2.3501906394958496,1.2200181484222412,2.433600664138794,-2.3857490305090323e-5,0.07825873047113419,0.20379669964313507,0.33274176716804504,-0.1589997559785843
1.5150084569739133,-0.10317036496963355,1.1274006081258299,1.2892633805980573,-0.006313621136342959,-0.5827575848640484,0.7880752700645438,1.588904284458906,1.8539866307174155,-0.1696293740383157,0.022770343097443545,0.06499949956900435,0.06833083811461786,-0.011116174306428429,-0.08362366239918353,-0.0011339269474784312,-0.04123532544029642,0.3143160396559668,0.19117671791349625,0.17522218159723663,10.300000000001965,0.24013553556856498,0.11777987767207063,0.0013002225489517098,0.27963992953300476,2.3567002805418706,1.2338502592921785,2.4272716625555595,1.0269193798659403e-5,0.064755464098927,0.17136775719218506,0.32272150452386017,-0.17198158531284222
1.5156342331156598,-0.10574355046937603,1.1301616300203168,1.289348036446678,-0.006462934000317461,-0.586127933083588,0.7864072751852262,1.6014594557437132,1.8616664423075973,-0.15897131376701776,0.022998519893774303,0.0649534004426193,0.06765752332754985,-0.01136838676720594,-0.08359696715740103,-0.0011226835031794722,-0.042083147931404934,0.31390039459197444,0.19195811289349546,0.1705657290702114,10.340000000002014,0.24176241069433987,0.11679020018608022,0.0013003852218389511,0.2813909614873994,2.3620051382224334,1.2432022346254308,2.422071398705193,1.8094028543208602e-5,0.07229724754655983,0.15932579474849892,0.30458652036720874,-0.18048403114823813
1.5162672468026062,-0.10829070316807493,1.1329157694694336,1.2894309684916403,-0.006612675690769664,-0.5894986605520419,0.7847091970401292,1.6139903510401357,1.869394520471509,-0.14842048658321663,0.023444975609853654,0.06477913273322901,0.06692889481292733,-0.011620831620514901,-0.08357336632978511,-0.0011085587345169281,-0.04271693286717146,0.31311980982689597,0.1935650656812296,0.1660463491843628,10.380000000002063,0.2433762452603941,0.11581006450737479,0.0013003852218389511,0.2851526737213134,2.3676395416259766,1.2559348344802856,2.415144920349121,-2.47467978624627e-5,0.07309257239103317,0.15391309559345245,0.2987623810768127,-0.187608003616333
1.5169164825825512,-0.11081004939600382,1.1356578828056558,1.2895122360000175,-0.006762967422413723,-0.5928699127534496,0.7829903524325929,1.626482897889328,1.8772036252638884,-0.13796845014526032,0.02408741404496469,0.06448272997080047,0.06615214105722549,-0.01187297655990331,-0.08355293451244408,-0.0010908219360065963,-0.04309919885744458,0.3120025443917668,0.19598277235875605,0.16171439910614982,10.420000000002112,0.24493660862493422,0.11491102272467751,0.0013002107565907727,0.28872659389078614,2.375873077885958,1.2711918406485918,2.40526942703548,2.0298233009578437e-5,0.05035813510188801,0.14299638401315562,0.27177473076798436,-0.18769108598902717
1.517589862854035,-0.11330013012071131,1.138383140484281,1.2895919043507995,-0.006913913786182115,-0.5962418318401016,0.7812613997643209,1.6389242132440798,1.8851251225123307,-0.1276050219838636,0.024894421570959984,0.06407415183610272,0.06533631693897311,-0.012124234942123986,-0.08353555317182272,-0.0010688592793680386,-0.04320174677022904,0.31057767153958943,0.19914317628761485,0.157612075006683,10.460000000002161,0.2464050874086538,0.11419685667812873,0.0013000586380708743,0.291839089744017,2.386236723685649,1.2863049580822778,2.396532819416107,5.512489703069357e-5,0.06087762199146101,0.16544043596147076,0.26524522093518244,-0.18159758249685393
1.5182938458303177,-0.1157599113211998,1.1410871905164581,1.2896700426992564,-0.007065599797266096,-0.599614545191679,0.7795335559593242,1.651302581824029,1.8931859063974423,-0.11731903713019967,0.02582553342991797,0.06356641425223511,0.06449471288720178,-0.012374047629823833,-0.08352074461261856,-0.001042301490403078,-0.04303016938739046,0.3088784056417022,0.20290569368837055,0.15375289192841693,10.50000000000221,0.24800006863199447,0.11328020087496708,0.0013000152539461851,0.29272669553756714,2.389259099960327,1.290653109550476,2.3940048217773438,6.48287677904591e-5,0.0645129606127739,0.17251057922840118,0.26344016194343567,-0.1797306388616562
1.5190331370416583,-0.11818893743161736,1.1437662165860623,1.289746714696696,-0.007218094475421797,-0.6029881539219738,0.7778168883152574,1.663607984181224,1.901407879138957,-0.10710006836003512,0.026835598408647025,0.06297183520424275,0.06364372007330321,-0.012622157165041828,-0.08350779435789038,-0.0010110704625636033,-0.04263412404407142,0.30695403408004396,0.20716699110272893,0.15010252901094043,10.540000000002259,0.2495875306949229,0.11227520271373456,0.00130020035430789,0.2965376675128937,2.3990142345428467,1.3062925338745117,2.384800910949707,-4.798216468770988e-5,0.09083367139101028,0.1853133589029312,0.3160803020000458,-0.1633225977420807
1.5198105316901915,-0.12058741833320806,1.146416900216008,1.28982197031054,-0.007371458484599815,-0.6063627269895971,0.7761188508007414,1.675832391860548,1.9098091023170434,-0.09693999261780163,0.02787608697355357,0.062301661126538496,0.06280136437927897,-0.012868539468020211,-0.08349582529080105,-0.0009753093848733974,-0.0420924113198554,0.30485404317977916,0.21183390798433097,0.1465950780824811,10.580000000002308,0.2511601457222676,0.1113382515304493,0.0013003852218389513,0.3014272451400757,2.412604331970215,1.3283076286315918,2.376100540161133,2.6262943720212206e-5,0.08736791461706163,0.212116077542305,0.34758928418159485,-0.1672914028167725
1.520626803525976,-0.12295627034813164,1.14903640065354,1.289895841381135,-0.007525748633963541,-0.6097382968162731,0.7744433890842597,1.6879697434704795,1.9184039028184867,-0.08683394710118773,0.02889670770542557,0.06156682375972434,0.06198620373486729,-0.013113305479119415,-0.08348385207904709,-0.0009353708174009821,-0.04149947097855121,0.3026272795601137,0.2168128453619533,0.1431475318901033,10.620000000002356,0.25273759578037636,0.11046613957361273,0.0013003852218389511,0.3014272451400757,2.412604331970215,1.3283076286315918,2.376100540161133,2.6262943720212206e-5,0.08736791461706161,0.22172814124650847,0.34758928418159485,-0.16729140281677246
1.5214806712211406,-0.1252971071571606,1.1516223539086197,1.2899683397587516,-0.007681019441164064,-0.613114857246214,0.772790591453297,1.7000159094740375,1.9272028467511082,-0.07678071038305852,0.029847617422332204,0.06077834651242201,0.0612160216978678,-0.013356621344352679,-0.08347085962982086,-0.0008917928628602093,-0.04095151973179717,0.3003213323785835,0.22200956909388364,0.13967445060327788,10.660000000002405,0.2543231703970316,0.10909242671803655,0.0013000152539461851,0.30538204312324524,2.419902801513672,1.3403037786483765,2.366537094116211,-5.638492439175025e-6,0.07758144289255142,0.21509750187397003,0.3537793755531311,-0.1580812633037567
1.5223688538416917,-0.12761217829474852,1.1541728843230763,1.2900394580606456,-0.007837322123597171,-0.6164923642873984,0.7711568953467555,1.7119686239861658,1.9362127201411603,-0.06678250113361477,0.030681676110093967,0.05994774039970972,0.060506549659640314,-0.013598628821452876,-0.0834558848077319,-0.0008452650219139029,-0.04053282535143384,0.2979816625879097,0.2273294960704424,0.13610236080305027,10.700000000002454,0.25586363789657185,0.1078562617325753,0.00130020035430789,0.30950459837913513,2.433816432952881,1.4063009023666382,2.3567099571228027,-3.7491507100639865e-5,0.08458494395017624,0.2025873214006424,0.3145669400691986,-0.16961883008480072
1.5232862117939177,-0.1299042599311746,1.1566866297594114,1.290109172907452,-0.007994701168225682,-0.6198707394844691,0.769535815740965,1.7238273865239069,1.9454365182569147,-0.056844230037429555,0.03135650258449549,0.0590874124371145,0.059870376035757754,-0.013839370733340519,-0.08343809029501775,-0.0007965890431083195,-0.04030359910301367,0.2956510022521917,0.23267783382419846,0.13238244747374023,10.740000000002503,0.25739028171865125,0.1065441948725501,0.00130020035430789,0.31092372525220074,2.4361455428326724,1.3954410008729619,2.3542485368303767,-3.9144221677353404e-5,0.077833773244263,0.21085883564775545,0.3324721417454581,-0.16485663220558427
1.5242259616298839,-0.1321765084223014,1.1591627799831812,1.2901774501987129,-0.00815318888212426,-0.6232498754462507,0.767919098638483,1.735593346247827,1.9548734393021636,-0.04697230722666599,0.03183615971400047,0.058210998882123284,0.05931616994667791,-0.014078731244227633,-0.08341682217463203,-0.0007466388948377958,-0.040291064516903355,0.2933690769746659,0.23795969475147027,0.1284998843172674,10.780000000002552,0.258744759925144,0.10531263715725475,0.0013002325604136705,0.31403095928604136,2.4417855271213353,1.3755309681459573,2.348693974094803,-4.008996036056737e-5,0.06595661844348572,0.22326925712873377,0.36151654964454705,-0.15634538161380115
1.5251799478137562,-0.13443229135462,1.161601124239011,1.2902442517421742,-0.008312798631677928,-0.6266296428396666,0.7662981484246028,1.7472691804148033,1.9645188859705893,-0.037173165870538455,0.032092355897376246,0.05733353137900719,0.05884829739436184,-0.01431639932241913,-0.08339164575140015,-0.0006963232375574404,-0.04048481073012946,0.29117258045985894,0.24308041099257602,0.12447860856802549,10.8200000000026,0.26010030100024273,0.10418407206536091,0.0013002050092393801,0.315376877784729,2.4554991604609664,1.3978194886702142,2.3387755857097914,4.912224197836197e-5,0.07556208223104477,0.17027779011227434,0.2670846408826002,-0.1792571708156006
1.526138951720763,-0.13667501273281932,1.1640021009067538,1.2903095424186128,-0.008473517687383416,-0.630009898069055,0.7646655471128323,1.7588589750092503,1.9743644866099537,-0.027451695497124333,0.032105113426640935,0.056471374956522394,0.058466846743885505,-0.01455185994376162,-0.08336235767218104,-0.0006465527802754196,-0.04083683950384423,0.28909529133992135,0.2479462227771105,0.12038109865387876,10.86000000000265,0.26172690109251956,0.10309120492726032,0.00130020035430789,0.321969139920096,2.4649301660170986,1.4131294430548411,2.3309936038403745,-2.928491793068382e-5,0.07473355539491196,0.18028619475645027,0.28820906377585437,-0.18010940266634146
1.5270930176792312,-0.1389079483814573,1.1663668403807956,1.290373297060574,-0.008635300651843644,-0.6333904908845853,0.7630164819166398,1.7703681109563358,1.9843981525887444,-0.017809780128472726,0.03186291305453169,0.05564191985315804,0.05816802370831788,-0.014784413144739276,-0.08332897579663295,-0.0005982138133816075,-0.0412659883814348,0.28716821802865117,0.2524654040325035,0.1163035011281842,10.900000000002699,0.2628415345841919,0.1019884060920169,0.0013000908085589813,0.3236939311027527,2.4681994550054043,1.4184714616124907,2.327891145942692,-1.5631788949817104e-5,0.07583776736876738,0.1735713566707839,0.29772049843577086,-0.18312225010134237
1.5280317767249458,-0.14113410559992937,1.1686971921024407,1.2904355063529438,-0.008798064338271794,-0.6367712712426076,0.7613499219273865,1.7818031491118422,1.9946041562450239,-0.00824511116576179,0.03136228117863421,0.05486303276348434,0.05794492399959687,-0.015013211841783721,-0.08329170554601792,-0.0005521465932706469,-0.041665923786376874,0.2854187634510009,0.2565447410488285,0.11236662395172693,10.940000000002748,0.2642013855601171,0.10083769707255463,0.0013003852218389511,0.326953649520874,2.477522850036621,1.434835433959961,2.3188517093658447,-5.061589035904035e-5,0.048181548714637756,0.17858077585697174,0.32607266306877136,-0.1737365871667862
1.528944736824824,-0.14335613837004832,1.1709957254323267,1.2904961818488276,-0.00896168366012948,-0.6401520935882962,0.7596694245334504,1.7931715815283231,2.0049621709537333,0.0012496155617918161,0.030606501235701584,0.054152083613200175,0.057789545137447884,-0.015237246265107413,-0.08325084242931582,-0.0005091297530779086,-0.04191507945828141,0.28386656150479855,0.26004015062511165,0.1087097832632178,10.980000000002796,0.26563318257181,0.09960864151189483,0.00130020035430789,0.3327060639858246,2.4899985790252686,1.4569103717803955,2.311553478240967,-5.553006849368103e-5,0.08437999337911606,0.18487758934497833,0.33072954416275024,-0.1816423386335373
1.529821596771317,-0.14557631415792727,1.1732656592360873,1.2905553587257321,-0.009125989427828218,-0.6435328202668181,0.757983572224578,1.8044818677575258,2.015446669578153,0.010687193323869588,0.029608170529810966,0.05352318956606057,0.05769207932929012,-0.015455558778697608,-0.0832068635933913,-0.00046989745391041234,-0.041885510318854326,0.2825421514138054,0.2628667390994338,0.10547650591174025,11.020000000002845,0.2669480446286593,0.0983031620266038,0.00130020035430789,0.33274174062931033,2.4900883067443984,1.4570428581504564,2.311468768782825,-5.49669635475876e-5,0.08438872250500648,0.18498925456856796,0.3307565665797633,-0.18149792709472334
1.5306526135715683,-0.14779642756588116,1.1755107053043716,1.290613094665745,-0.009290775471338688,-0.6469133297472777,0.7563059413297972,1.815743592717546,2.0260304452550026,0.020085696613552938,0.028386422801041398,0.05298701734386192,0.05764064478280393,-0.015667408892561862,-0.08316038579944486,-0.0004350704403418835,-0.04145802305510384,0.2814681316501322,0.2650081956435316,0.10279333689051212,11.060000000002894,0.2681868044842816,0.09696956838666566,0.00130020035430789,0.33747580647468567,2.5019946098327637,1.4746229648590088,2.3002283573150635,1.975351551664062e-5,0.08554702252149582,0.19980652630329132,0.33434227108955383,-0.16233542561531067
1.5314287627165208,-0.15001777684156642,1.1777349809415383,1.290669468207515,-0.009455806819218506,-0.6502935186339294,0.754654479517588,1.8269670531787732,2.036685790883775,0.029467684644653727,0.02696202145654081,0.052553097827371276,0.05762377575079588,-0.01587220046786219,-0.08311198025060991,-0.00040518541115928876,-0.040534578152658804,0.2806589030946033,0.26645350489422126,0.1007616931515802,11.100000000002943,0.269418088674877,0.09550544190018012,0.00130005134605773,0.34118041772676344,2.511970178000454,1.4914288462959187,2.2923173814856095,1.3610663582591613e-5,0.08370317381652263,0.2225504018784805,0.3475061584771703,-0.17431068974823724
1.5321417649446434,-0.15224121157919443,1.179942973567898,1.2907245754523053,-0.00962082670950168,-0.6536732989268188,0.7530505051536612,1.8381630445064403,2.0473845407705347,0.03885908673910658,0.02535552499334641,0.052229972425485695,0.057631632585311475,-0.016069499388589124,-0.08306210656449543,-0.0003807284817589299,-0.03904541764079432,0.28012516622272465,0.267190430143524,0.09945229760494013,11.140000000002992,0.27052246478380004,0.09418453667414503,0.0013001338834481152,0.3463942391608632,2.522504873047163,1.5106764279002585,2.2827821156634838,6.207413325717785e-5,0.09433309742850658,0.21385445616435772,0.3427069007627745,-0.1695967449022019
1.5327840617308526,-0.15446721488228174,1.1821394932192533,1.2907785254424387,-0.00978556448399947,-0.6570525939063493,0.7515174887281582,1.8493427220727434,2.058097994356561,0.04828788991275322,0.02358629329809764,0.05202462044093913,0.05765661006497147,-0.016259069925582494,-0.08301108580517853,-0.000362151892562179,-0.036952921009706,0.27987411300329684,0.2672043122067136,0.09890189897230359,11.18000000000304,0.271610621885827,0.0928827028266925,0.00130020035430789,0.34881287813186646,2.5270538330078125,1.519180417060852,2.278512954711914,9.006304026115686e-5,0.10053953528404236,0.20589514076709747,0.3382311761379242,-0.16533014178276062
1.5333487626007882,-0.15669600238849526,1.1843296017485114,1.2908314348197885,-0.00994974436774837,-0.6604313336275813,0.7500797413727872,1.8605174523234866,2.0687968109488883,0.05778275042686162,0.021671859949191956,0.05194191043627895,0.05769358669276524,-0.016440898897682382,-0.08295909035015837,-0.0003498855549799439,-0.03425246042228957,0.27990894352228135,0.2664776319812497,0.09911280279927087,11.22000000000309,0.272796096142507,0.09145970395635174,0.00130020035430789,0.3542517091779999,2.539513285728548,1.539420196105721,2.267792712154431,1.8240374287462626e-6,0.08841088876992885,0.20483970542520838,0.3202606317554239,-0.1722743249973707
1.5338295775280173,-0.15892762482784312,1.1865185223699457,1.2908834222706334,-0.010113094572719554,-0.6638094504970379,0.7487611223840228,1.8716986453018643,2.07945089552584,0.0673716423164763,0.019627634846425837,0.051984194327529355,0.0577398694675543,-0.016615203353203895,-0.08290614602142202,-0.0003443451323998584,-0.030970701151707462,0.28022845463867746,0.26498998762696374,0.10005489304377332,11.260000000003139,0.27411379123447693,0.08972916880667936,0.00130020035430789,0.3565586674129215,2.545207598020765,1.548259874611995,2.261850898938703,8.823917290365949e-6,0.09373049700541383,0.19253497201200895,0.3158289687641387,-0.1705731269518535
1.5342207473147829,-0.1611620626441075,1.1887115348170332,1.290934603175724,-0.010275356161696518,-0.66718687527138,0.7475838550118646,1.8828975743297471,2.0900292946391055,0.07708063111386916,0.017466948005664465,0.0521510292754232,0.0577948800127447,-0.01678242376865363,-0.08285214408922674,-0.00034593659723123563,-0.027162018036513275,0.2808268053572194,0.2627186308813972,0.10166942910641932,11.300000000003187,0.275166591787674,0.0884153033106127,0.00130020035430789,0.3580646812915802,2.5489249229431152,1.5540305376052856,2.257972002029419,1.3393534572969656e-5,0.09720320999622345,0.1845022737979889,0.3129359185695648,-0.16946256160736084
1.5345169850483096,-0.16339930352272056,1.1909138600986906,1.2909850847740938,-0.010436291242796205,-0.6705635337298266,0.7465675100415049,1.89412518951698,2.100500128215239,0.08693282838261254,0.015201422365058986,0.05243897920050089,0.0578596455252524,-0.016943206731765137,-0.08279686050118071,-0.00035505718479131147,-0.022903829045631548,0.2816934328363267,0.25963973367406135,0.10387375991401662,11.340000000003236,0.2762094136428055,0.0868841855252561,0.00130020035430789,0.3605094850063324,2.5586562156677246,1.5656312704086304,2.2483606338500977,-1.7255091734114103e-5,0.07732327282428741,0.19365325570106506,0.328042596578598,-0.15895308554172516
1.53471344085034,-0.16563939668180652,1.1931305367817635,1.2910349620196429,-0.01059569024273017,-0.6739393441793176,0.7457281834681687,1.9053919299879303,2.1108305889674304,0.09694754712612545,0.012841629914336334,0.052841439821475794,0.05793617281668222,-0.017098381854079366,-0.08273997924767923,-0.0003720929375768368,-0.018291691929348167,0.28281306316515537,0.2557305072573006,0.1065660693259522,11.380000000003285,0.2772156483235305,0.08523049847781926,0.00130020035430789,0.3646930082025746,2.5641689677535915,1.6135473453786715,2.2451480976463376,-5.706804451838092e-5,0.0899731426020148,0.18610088002721023,0.3045042611953415,-0.1420346878873086
1.5348057000403752,-0.16788248116377633,1.1953662886223388,1.2910843141756143,-0.010753378192046461,-0.6773142158531754,0.7450778614772672,1.916707537358564,2.120987044755,0.1071396435148443,0.010397957495844589,0.0533484374224257,0.05802678707186893,-0.017248937641780062,-0.08268111667621374,-0.00039741326151224187,-0.013434955229352596,0.28416575785064346,0.25097223428932874,0.10962934315060406,11.420000000003334,0.27813750760891204,0.08364154328086398,0.001300187278347756,0.36840422727038213,2.570852172809908,1.590207590339302,2.2407619593866466,-1.2355323683196687e-5,0.08498314094376688,0.18327275703836535,0.30367099625020394,-0.14259446798323333
1.5347898218215121,-0.17012878855430585,1.1976253817599922,1.2911332020751314,-0.010909220118065787,-0.6806880481736859,0.7446239374525517,1.928080870770906,2.130935280276196,0.1175190011299934,0.007881594244570692,0.053946371343678495,0.05813350515231168,-0.01739600015781629,-0.08261984404956196,-0.0004313629562301229,-0.008453577095300332,0.28572694564245316,0.24535420731347202,0.11293394578630671,11.460000000003383,0.27885799236262676,0.08207767502441175,0.0012998302699998021,0.3712713122367859,2.5808868408203125,1.6071325540542603,2.2315826416015625,-5.03646551806014e-5,0.09830639511346817,0.2044816017150879,0.3433370292186737,-0.14795775711536407
1.534662422198123,-0.17237862293182912,1.1999114691055566,1.291181665900612,-0.011063125748786972,-0.6840607307846592,0.7443688270354273,1.9395197220769822,2.140640912731654,0.1280900951798622,0.0053055550922889985,0.054617702640118455,0.058257486868863353,-0.017540816486932204,-0.08255570679445699,-0.00047425196871480496,-0.003476414180593642,0.2874674060145721,0.2388784943234799,0.11633852364716579,11.500000000003432,0.2798827232189214,0.0802906864450161,0.0013001862283720108,0.37469968583490076,2.5871747380132932,1.617740560976869,2.2262248460873937,-5.6929294438995913e-5,0.08384519309777849,0.18439241094741354,0.31927319068987464,-0.15319751214394708
1.5344208041370457,-0.17463231685127417,1.2022274260863859,1.291229723219977,-0.011215053814577765,-0.6874321444957171,0.7443096364486124,1.9510306865369083,2.150070276759259,0.13885156416039626,0.002685983798802007,0.05534124968815311,0.058398076209560494,-0.01768475468133047,-0.08248826346482674,-0.0005263495796121438,0.001360504158008712,0.28935850256635876,0.23159071291107533,0.11968782218742091,11.54000000000348,0.28074200583651476,0.07852890913294805,0.0013003852218389511,0.37816620381132615,2.5949183230286605,1.6295702514535155,2.21981015496827,-8.344874997350178e-5,0.07809968025464352,0.16691391111251397,0.29234699425149013,-0.1542921558009103
1.5340631144071255,-0.17689011441486072,1.2045752683305975,1.2912773673080087,-0.011365016035510806,-0.6908021645686147,0.7444380087316528,1.9626192986558035,2.15919324996852,0.1497958600009872,4.194361314478881e-5,0.056096248274994175,0.058550643339642994,-0.017829258178071957,-0.0824171333157903,-0.0005878504942085374,0.0059207040250221716,0.2913719307406868,0.223609493231088,0.12282027367394929,11.58000000000353,0.28147617375001016,0.07688655782722116,0.0013003852218389511,0.3804512321949005,2.601152181625366,1.6382676362991333,2.214768886566162,-0.00011713530693668872,0.08154773712158203,0.1577027589082718,0.27248314023017883,-0.15158750116825104
1.5335884117473917,-0.1791520338459367,1.2069562115773071,1.291324568165343,-0.011513077594971837,-0.6941706617434995,0.7447401216413372,1.9742896768394065,2.167984057004921,0.16090911422404344,-0.002606014591696477,0.05686385620883546,0.05870817434122404,-0.01797567786824583,-0.08234190345416213,-0.0006588537914594099,0.010066298984562877,0.2934664689366752,0.2150277107558969,0.12556843960678582,11.620000000003579,0.2821841524914962,0.07530000585762951,0.0013000152539461851,0.3845019042491913,2.6086902618408203,1.6534875631332397,2.2062840461730957,6.298299558693543e-5,0.08084112405776978,0.1891462206840515,0.26476535201072693,-0.12956058979034424
1.5329968103686962,-0.1814177774240097,1.2093707053663036,1.2913712735927918,-0.011659356104909455,-0.6975375005209149,0.7451962146985972,1.9860442461032775,2.176420643307799,0.17217050288365232,-0.005231500981057837,0.05762548470665588,0.05886048123481485,-0.018125344094097166,-0.08226210264421041,-0.000739358817190389,0.01363411885557217,0.29559829425159984,0.20594285973086016,0.12773209512706155,11.660000000003627,0.2828833059611777,0.07308108609461592,0.0013000152539461851,0.387432877848348,2.6124804005760955,1.695440880236296,2.202301887146458,1.965857320565546e-5,0.0820388003580529,0.1827523094180891,0.2893271852299825,-0.16412788659980618
1.5322898178622029,-0.18368650454797805,1.211818459570499,1.2914174137152874,-0.01180401774658691,-0.7009025414369278,0.7457805840791639,1.9978835812641653,2.1844852230638123,0.18355195461131746,-0.0077972885066334915,0.05836473336818429,0.05898951162043011,-0.01827918623696357,-0.0821775647169405,-0.0008291367422083112,0.01651170047862624,0.29771811471620657,0.19646949738062056,0.12915819413698587,11.700000000003676,0.2835817702701177,0.07137399290267749,0.0013001670437251809,0.38797733187675476,2.618353616894712,1.676856946079599,2.1997145695682208,-3.301053080856396e-5,0.08226127922534943,0.1728005487878005,0.288547445045474,-0.17238159480967505
1.5314707299924308,-0.18595659150936925,1.2142985039584655,1.291462912385093,-0.011947260958041508,-0.7042656538255238,0.746464567788897,2.0098061953758424,2.1921649275721475,0.19502117106627623,-0.010258935559191584,0.05906581669484663,0.05907427833048745,-0.018437744337862712,-0.08208848757301494,-0.0009277577165141726,0.018651823750520383,0.29977258918978233,0.18673901210797755,0.12976022060388512,11.740000000003725,0.28434656370089595,0.0697737401037411,0.0013003852218389511,0.39327433705329895,2.6285481452941895,1.6856892108917236,2.1899614334106445,2.3357300960924476e-5,0.07308316230773926,0.1737789511680603,0.2597450017929077,-0.1583094596862793
1.530544810270133,-0.18822563301098355,1.2168091431562753,1.291507690407788,-0.012089309753218959,-0.7076267233390771,0.7472178764777061,2.02180843362812,2.199452586807965,0.20654303487644543,-0.012570283456443492,0.05971099404759456,0.05909549235658901,-0.018601482181777998,-0.08199519409817425,-0.001034661507277425,0.02001614662015371,0.30170669783427007,0.17690484801748416,0.1294604530053013,11.780000000003774,0.2848503562548762,0.06810845376044775,0.00130020035430789,0.3965340554714203,2.6383872032165527,1.6993272304534912,2.181476593017578,-6.884777394589037e-5,0.05088158696889877,0.16233950853347778,0.25009608268737793,-0.12673969566822052
1.5295193435469243,-0.19049054592921413,1.2193478575901873,1.2915516643288916,-0.012230413657720235,-0.7109856555023497,0.7480086449105121,2.033884403794349,2.206347605340452,0.2180796770068534,-0.014685243654968214,0.06028018064968508,0.059036390733705445,-0.018770850780923828,-0.08189809066163686,-0.001149159515316556,0.020564731094372585,0.30346357768490645,0.1671415203516207,0.1281797712746948,11.820000000003823,0.2851734126434805,0.06637921880527169,0.00130020035430789,0.3965779073823154,2.6385744864537832,1.7001987852514302,2.1813207381190978,-6.800975369917052e-5,0.05115531960699928,0.16267222530868333,0.2515762030452607,-0.12767684090204676
1.5284036463385011,-0.19274767663805814,1.2219112131935912,1.2915947458123342,-0.01237084746476514,-0.7143423792943863,0.7488035111733394,2.04602589607465,2.212856714053903,0.2295905718394101,-0.016558362296286943,0.060751664895548195,0.058882255006681795,-0.01894624231336584,-0.08179770164859039,-0.0012704114039684094,0.020264971344973716,0.304984382469268,0.15763998010360308,0.12584765382561217,11.860000000003872,0.2857532326652369,0.06469888620811103,0.00130020035430789,0.39941027760505676,2.6506710052490234,1.756492018699646,2.1712541580200195,-1.388249802403152e-5,0.0688355565071106,0.1841622143983841,0.34717634320259094,-0.1882065236568451
1.5272090551700395,-0.1949928782772119,1.2244948124706665,1.2916368434425238,-0.012510908126230475,-0.7176968519608156,0.7495682260068925,2.0582223111755455,2.2189945057749525,0.2410331936696978,-0.018145077945445353,0.06110343547162844,0.058619496397152145,-0.01912789912343676,-0.08169472791101048,-0.0013973931778165768,0.019108048332332924,0.30620887707776173,0.14860167640195238,0.12242028638407383,11.90000000000392,0.28618321417756465,0.06304119306659628,0.00130020035430789,0.4029561843508057,2.6572836706017093,1.7439535345180532,2.163571264079739,-1.836553980703134e-5,0.0688355565071106,0.16702979863123796,0.30291916977469946,-0.1808687609590532
1.5259488911993717,-0.19722154739546238,1.2270933061460927,1.2916778675275864,-0.012650907785621217,-0.721049065185286,0.7502689777593431,2.070460628078786,2.2247837179725076,0.2523644372684422,-0.019402130127964556,0.06131486396495297,0.058234673056707396,-0.019315806911254504,-0.08159010527466765,-0.001528865819032713,0.017127664389978623,0.3070768243500817,0.14023190465348276,0.11790152040507594,11.94000000000397,0.2866932379416428,0.06132798559892158,0.00130020035430789,0.40473127365112305,2.6605939865112305,1.737676739692688,2.1597251892089844,-2.0609761122614145e-5,0.0688355565071106,0.15845327079296112,0.2807639241218567,-0.1771954596042633
1.5246383866795494,-0.19942862053667237,1.229700476632375,1.2917177378192206,-0.012791162786967417,-0.7243990522254897,0.7508744649098266,2.0827254441170115,2.230255240806348,0.263542844975709,-0.020288311556672625,0.06136859769555214,0.057713647368400525,-0.019509588411754163,-0.08148505274463852,-0.0016633520528770752,0.014418594233979027,0.3075307383671738,0.13273446854970333,0.1123641510216428,11.980000000004019,0.28723107782634827,0.05977170479570975,0.0013003852218389511,0.4076074957847595,2.6705169677734375,1.7546584606170654,2.1492390632629395,9.117426088778302e-5,0.049408670514822006,0.11286302655935287,0.20924977958202362,-0.17972224950790405
1.5232945978875734,-0.20160848427295155,1.23230943773975,1.2917563955906592,-0.012931976426813718,-0.727746899128158,0.7513594322503367,2.0949995040666707,2.235449306437829,0.27453232529279664,-0.02076190967333535,0.0612557308481628,0.05703676273751087,-0.019708207691268395,-0.08138144388578465,-0.0017990419939925878,0.011216426747217827,0.3075411969176712,0.12639684967648765,0.10603246647202628,12.020000000004067,0.28773672540024,0.05838312931039962,0.0013003852218389511,0.40797878919814407,2.671494522651875,1.7562575297891658,2.1484767385310386,8.256169034881816e-5,0.05066403612920699,0.1189843313689812,0.21520053829752148,-0.17705712827367884
1.5219363194461528,-0.2037546140449772,1.2349131275278094,1.2917938325782454,-0.013073603308535516,-0.7310927696720346,0.7517129275286804,2.107263977010588,2.24041606258302,0.28531090201848736,-0.020785868868025484,0.06098256924942311,0.05617676797681683,-0.01990945799031833,-0.08128193427766595,-0.001933558723482236,0.007977401361682443,0.30704385782226434,0.12134783141429158,0.09938693114451784,12.060000000004116,0.28820287654910137,0.05667169545794739,0.0013003852218389511,0.41256895661354065,2.683579683303833,1.7760262489318848,2.139052391052246,-2.3912432880024426e-5,0.0661836713552475,0.19465982913970947,0.28876763582229614,-0.14410918951034546
1.5205834203364421,-0.2058596472511577,1.237504790725772,1.2918301070337868,-0.01321622312185551,-0.7344368998869891,0.7519422407999792,2.1194973590412385,2.2452061507965224,0.29587554205114314,-0.02034430338127613,0.060562149035557525,0.055118133100954696,-0.020110866996959305,-0.08118860978341118,-0.0020646189516743984,0.005120784043476919,0.3059870531442459,0.11753985635776026,0.09290915962272493,12.100000000004165,0.28863674681532797,0.05506655486135678,0.00130020035430789,0.417626291513443,2.6943416595458984,1.7930558919906616,2.1309151649475098,-2.5791065127123147e-5,0.07552329450845718,0.19735375046730042,0.3139225244522095,-0.14394764602184296
1.5192559614912118,-0.20791596991228353,1.2400780422812343,1.291865323740891,-0.013359951633199646,-0.7377795694489356,0.7520684341559231,2.1316770294663874,2.2498688058325342,0.3062379409410935,-0.019442449947853633,0.060003510720442826,0.0538610116497949,-0.020310608374523777,-0.08110274615788562,-0.0021903207657557543,0.002909149645594818,0.3043621931416401,0.11495808640243313,0.08697931809537154,12.140000000004214,0.28895647129922725,0.053459100411663275,0.00130020035430789,0.4189111646950333,2.699272744667754,1.8015580011159082,2.126157714448635,-1.7804365286054752e-5,0.0778102801120992,0.19528334757309218,0.3270468350252578,-0.14736544437899318
1.5179734286405995,-0.20991632773941535,1.2426266652574522,1.2918996070218123,-0.01350486898475484,-0.7411210779433317,0.7521199474279825,2.1437805256798272,2.254453426648993,0.3164180998920092,-0.018104411240954865,0.05930915124558782,0.05242004881231872,-0.020507657566495554,-0.08102494616675575,-0.0023091332405155763,0.0014539009956403602,0.30218275865526634,0.11362629191844226,0.08200209389273314,12.180000000004263,0.2892426613778162,0.05179212554639155,0.00130020035430789,0.42150801938182303,2.70720043123048,1.814756596107526,2.1191157154559694,-7.704800784366408e-6,0.07943286638399816,0.1944003951292835,0.33818386460061206,-0.15124666483938276
1.5167540379930065,-0.2118544242597959,1.2451443941607705,1.291933076631511,-0.013651048765632586,-0.7444617266744348,0.7521266717504973,2.1557862808262422,2.259010854624703,0.3264385893729062,-0.01637289512496106,0.05847516640508097,0.050825933904866706,-0.02070189283754435,-0.08095513234255168,-0.0024199068240195526,0.0007005337606197037,0.2994740267939592,0.1135966828118623,0.0791048443643603,12.220000000004312,0.2895084503473864,0.05018518434337528,0.00130020035430789,0.42455318570137024,2.713804006576538,1.8249698877334595,2.1142570972442627,-3.843120339297457e-6,0.07737329602241516,0.19772607088088986,0.3309166133403778,-0.15180018544197083
1.5156141461598236,-0.21372571222566117,1.2476247730215628,1.2919658247913843,-0.013798590321653627,-0.7478018031951367,0.7521134820336833,2.1676743943035204,2.2635948510958612,0.33631997619237036,-0.01430196317648765,0.057492840015866416,0.04914021660846852,-0.020894088969296204,-0.08089265392838574,-0.002521706108461978,0.00039314683254109653,0.2962420175261962,0.1150216777037553,0.0911580884512524,12.26000000000436,0.2897327895278209,0.04878587421943752,0.00130020035430789,0.42706064001735944,2.7223292542534145,1.8400238976745535,2.107301176524181,-6.647395845077386e-6,0.07137101071208538,0.18335476158392433,0.31808957331613424,-0.1512193206115931
1.5145687138370267,-0.21553423886725848,1.2500612509403215,1.2919978396941683,-0.013947737624523244,-0.7511415932604409,0.7520820704297263,2.1794362385914683,2.2682858487314705,0.34609439464651465,-0.011949171178313936,0.0562908891456507,0.04796407977201617,-0.021098244084366925,-0.08083249504238872,-0.002616246514283845,-0.001935050333753649,0.2929420413225586,0.11993605011518008,0.18547766406195176,12.30000000000441,0.28980084090170233,0.04707564695678189,0.00130020035430789,0.4277889132499695,2.7248053550720215,1.8443962335586548,2.105280876159668,-7.461878794856602e-6,0.06962768733501434,0.17918071150779724,0.3143640458583832,-0.1510506123304367
1.5136331925876245,-0.217322952632073,1.2524436869638438,1.2920285944054177,-0.014099663398586622,-0.754481412279083,0.7519010001780609,2.1910860728717774,2.273235546738558,0.3546332087892423,-0.009085802815058951,0.054815348592380735,0.04788278346486566,-0.021330824515615392,-0.08078315221830751,-0.0027022837491308704,-0.005295152842856765,0.28953138725797667,0.12694782651274317,0.145081027087945,12.340000000004459,0.2899034686560955,0.04534664982007303,0.00130020035430789,0.42991946059056185,2.7314714810943004,1.854782674421691,2.0990991360287476,1.575941565874621e-5,0.06206305618986696,0.1778316618802665,0.30092326054814444,-0.14258087335450512
1.5128306958395572,-0.21910382863683536,1.2547676979187221,1.2920584824391548,-0.014254364247241327,-0.7578220154102383,0.7516907569620845,2.202563093321642,2.278453683536613,0.36287265591556356,-0.005835198247479227,0.0533331893950309,0.047453840765257195,-0.02154811616475443,-0.08075139969512427,-0.002768555413155079,-0.00410680526688278,0.28473411101124096,0.13370520285181237,0.141143853409984,12.380000000004507,0.2900069234419264,0.04368593455643558,0.0013001224126707796,0.43567085417296325,2.7457310840427147,1.8814165028361043,2.0903107098620923,7.392674084604842e-5,0.06124669165532985,0.1861492989954547,0.3075727861439919,-0.13323617779530444
1.5121682871494695,-0.22086316110240342,1.25703074316693,1.2920878308947201,-0.014411544200488735,-0.7611636393257748,0.7515592565844901,2.213836076914681,2.283952235930242,0.3711079217594625,-0.0025774114362373383,0.05179090583772059,0.04672882017388094,-0.021760616598818575,-0.08072210151680934,-0.0028208504247965505,-0.0015762423433895588,0.27936515007360796,0.14090483192788314,0.13982808688642806,12.420000000004556,0.2900618518951654,0.04204784265295659,0.0013003852218389511,0.4396465245032347,2.752723676377696,1.8912561303055064,2.0859467771258275,-8.42028786838645e-6,0.072169470238867,0.17670724270019128,0.2743128857896636,-0.15054809767817684
1.5116438889392847,-0.2225916132311973,1.2592291743761743,1.292116702949975,-0.014571208960441447,-0.7645062400419768,0.7515332180720293,2.224884985078703,2.289743698623793,0.37935487736291973,0.0005273184835150118,0.050180171791195084,0.04579840569022636,-0.021971623503319646,-0.08068990565436539,-0.0028613972289655842,0.0010641469631750438,0.27357171349148934,0.1483301332478173,0.13837724592785783,12.460000000004605,0.29012842921068366,0.04032581155141089,0.0013002218191270406,0.4412309017969246,2.7566221951973553,1.8985714325739251,2.0791595965725973,-2.5506287274763273e-5,0.07695770594690904,0.17588768251943038,0.2510802210682335,-0.14350050126199368
1.511250157366786,-0.22428282196234686,1.2613595295725717,1.292145042436175,-0.01473347904502773,-0.7678496322398434,0.751601051198166,2.2356960835716984,2.2958358955419884,0.3875915905612011,0.0033705265097484878,0.048506444284239135,0.04472590702954931,-0.022182515916809614,-0.08065161150992106,-0.0028922001765255907,0.0030674133509608534,0.2675095577866453,0.15592352959343717,0.136000422773335,12.500000000004654,0.2900549667308889,0.03870074141509587,0.0013003316471491722,0.44514411309792934,2.7671715708925175,1.913079986943422,2.072023381120463,1.607336378038281e-5,0.06837765877348446,0.16571051550996252,0.2753399013000205,-0.13654293379627022
1.5109759677242467,-0.22593255040936402,1.2634188644830968,1.2921727207943343,-0.014898529429170049,-0.7711935430045974,0.751727404702167,2.2462611963612114,2.302234487861968,0.39577312536588877,0.00587611120336366,0.046782493877484795,0.04355833788783396,-0.022393623589293445,-0.08060539346538521,-0.0029150846513202517,0.003991500310648293,0.26130265562278604,0.16362990774906855,0.13228564608403184,12.540000000004703,0.2900204160033436,0.036878311624756535,0.0013003852218389511,0.4467000365257263,2.7714121341705322,1.9187583923339844,2.0693283081054688,3.5136825317749754e-5,0.06475982069969177,0.16143953800201416,0.28590822219848633,-0.13412517309188843
1.5108076290191674,-0.22753807708305993,1.2654050558926317,1.2921995763652554,-0.015066540699469244,-0.774537654408857,0.7518654254118317,2.2565766073328257,2.3089426979850627,0.40384445353721,0.008000026506667578,0.04502944113168808,0.042329503782462106,-0.02260421079470473,-0.0805507261863905,-0.0029316225727818545,0.003701423872868258,0.25505110776639955,0.1713812949758475,0.12715483396910365,12.580000000004752,0.28999991576510287,0.035324698214930415,0.0012998302699998021,0.4517334103584289,2.7813351154327393,1.9400184154510498,2.0627129077911377,4.191498373984359e-5,0.06778347492218018,0.17283417284488678,0.2621746063232422,-0.14384499192237854
1.510729981884448,-0.22909771831930265,1.2673171034827018,1.2922254491778808,-0.015237654260960727,-0.7778816399938535,0.7519683307697478,2.266642257592313,2.315960699326051,0.4117527526127219,0.0097239230723848,0.04327537670806088,0.041063779579656956,-0.022812659486809585,-0.08048810510705448,-0.002943142367965679,0.0023224557197420548,0.2488384205027651,0.1790933827101433,0.12089127950825768,12.6200000000048,0.28996737984463505,0.034096912188405895,0.0012998626281388252,0.4518675335926971,2.782225761249355,1.9412349573794052,2.061891408192748,3.874730890774036e-5,0.06716892507436921,0.17216565690914634,0.2631955110448517,-0.14440422525161503
1.5107271845872179,-0.2306105328077617,1.2691553348550644,1.292250204724413,-0.01541194057989265,-0.7812251890592704,0.7519979829904493,2.27646123548839,2.3232850078568377,0.4194572193478444,0.011045292962929817,0.04155153492285418,0.03978025011088097,-0.02301684815055949,-0.08041858358992297,-0.0029507947062208536,0.0001318736811592528,0.2427289415843299,0.18666811433930028,0.1156922421859926,12.66000000000485,0.2897853823743706,0.032018389077221765,0.00130020035430789,0.4532673954963684,2.7915215492248535,1.9539321660995483,2.0533173084259033,5.685868472937727e-6,0.06075478717684746,0.165188267827034,0.27385082840919495,-0.15024101734161377
1.5107831269826462,-0.23207605636090323,1.2709214343006048,1.2922737464724963,-0.015589383830213334,-0.784568015610202,0.7519289499492134,2.2860387795035773,2.330907190920249,0.42700322118910217,0.01196038419451598,0.03988399694815795,0.03846530391286716,-0.02321419086975194,-0.08034313152813957,-0.0029553098598106824,-0.002613960176577556,0.23661828769526735,0.19382446237348783,0.1303936922355858,12.700000000004898,0.2896639413147652,0.03048642946692302,0.001300570322200656,0.46074554324150085,2.805363416671753,1.9781522750854492,2.043046712875366,5.2592054998967797e-5,0.05699927359819412,0.15721705555915833,0.27183854579925537,-0.13879354298114777
1.5108812516492662,-0.2334929318323751,1.2726183372550548,1.2922960227922435,-0.015769862223660887,-0.7879098455829195,0.7517511176706646,2.2953815982443357,2.338808014531157,0.4344409709846421,0.012479977586287194,0.03831186739389459,0.03714501485761553,-0.023402254355581846,-0.08026312899271082,-0.0029585918397361196,-0.005318616687948827,0.2308842712833225,0.20051335530069006,0.12614049372569133,12.740000000004947,0.28942131371721536,0.028826348711563376,0.001300292706114643,0.4634433524210783,2.813025170589678,1.990481283386478,2.037120509201634,4.452272917508351e-5,0.06292344223594777,0.16104089934432672,0.2674672885173796,-0.1381602554387531
1.5110054490842735,-0.23486193598152305,1.2742499760606691,1.2923170072814225,-0.015953181381193667,-0.7912504413985626,0.7514682988150846,2.3045022136752626,2.3469666619530494,0.44165452557884116,0.012625075235941802,0.036840472972120876,0.035878993774890455,-0.023579947572649366,-0.08017980592011326,-0.002961564150262399,-0.007794888200328148,0.22550172651879502,0.20668269930357452,0.11904765120147617,12.780000000004996,0.28910969338920034,0.027068872738834498,0.00130020035430789,0.4645220600994615,2.8160156135717895,1.9953035039633367,2.034468885573058,3.594948945508876e-5,0.06418483484305372,0.16195457371544988,0.2638181148721006,-0.13669180828216218
1.5111403173577156,-0.23618550667354146,1.2758206431669046,1.2923366945244161,-0.016139104748416296,-0.7945895989735161,0.7510930920803721,2.313414842931326,2.3553617021807063,0.4486421383874232,0.012413037407337256,0.03547360959392797,0.03469526889208194,-0.02374666071475502,-0.08009394948917739,-0.0029653702054974317,-0.009863751195435833,0.22051376622406985,0.21233380375441133,0.11060789350586848,12.820000000005045,0.2887909411570178,0.02528368126365338,0.00130020035430789,0.46642607450485235,2.8206553459167485,2.002875804901123,2.0273234844207764,-2.5911425836966376e-5,0.05673342943191529,0.158190056681633,0.24076004326343536,-0.12347926944494247
1.5112711284256746,-0.23746753542312865,1.2773348622638778,1.2923550880362584,-0.016327371947831605,-0.7979271371840022,0.7506433028251503,2.3221361713780313,2.3639735404296154,0.4554079100368907,0.011880941204602771,0.03422391771507916,0.03366899608804921,-0.023902965274972682,-0.08000673856446489,-0.0029720233956581996,-0.01104585459883954,0.2163258758633411,0.2175986696430021,0.042229601743793505,12.860000000005094,0.28832088289797003,0.02340028177053488,0.0013003588039576892,0.46821332908166596,2.826427977172351,2.0117504412705367,2.022896485818299,-5.436649749898962e-5,0.06286054089146167,0.14738167364607982,0.2341761625726211,-0.11566630479857382
1.5113848254609623,-0.2387127798542858,1.278797517974084,1.2923722403421338,-0.016517665781287546,-0.8012629320808673,0.7501530568102392,2.330678852864364,2.3727745883718083,0.46212612893265725,0.011259272667481019,0.03319808468475724,0.03252441795178264,-0.02403812824237793,-0.07993127662776141,-0.0029799775081866624,-0.006434180055928774,0.21296123681257437,0.22011889303565407,-0.3039025089592417,12.900000000005143,0.287976303895697,0.021628907432262392,0.0013003852218389511,0.46851131319999695,2.827390432357788,2.013230085372925,2.021292000948586,-5.911073458264582e-5,0.06388209760189056,0.14557962119579315,0.23307844996452332,-0.1143636703491211
1.5115161664946202,-0.23985773769734825,1.2802442351416226,1.2923910098493636,-0.01670549205766357,-0.8045988582291337,0.7506922243978396,2.3389426146030914,2.38145647384452,0.4708555568118292,0.011654311490616891,0.033449205519602114,0.028985779303012216,-0.024008027786154292,-0.07993778710197588,-0.002944597748836046,0.02753712018404618,0.2058563262784783,0.21537631895390008,-0.05452413017161668,12.940000000005192,0.28755483264572507,0.019872722414579602,0.0013003852218389511,0.4717470705509186,2.833682060241699,2.0231051445007324,2.0161542892456055,-2.1392184862634167e-5,0.05468827858567238,0.1460084766149521,0.2277367264032364,-0.11716839671134949
1.5115837847424558,-0.24089943981779618,1.2816648754186666,1.2924092443936406,-0.016892797901191782,-0.8079318926535525,0.7514689010202141,2.347109907934083,2.3901798444859312,0.4800010193153165,0.00861646291736871,0.032355282590360857,0.027109986671123062,-0.024139638651970743,-0.07977957882442278,-0.002980774035155051,0.013951821392862147,0.2049756721262575,0.21993993769629053,-0.07003135779848124,12.98000000000524,0.2871514279786668,0.01818141976440907,0.0013000762231501128,0.47284444873369486,2.8395758115578285,2.03141093133503,2.0101792617191285,1.131137041419753e-5,0.06546163950249226,0.1593357785605938,0.21268345090633112,-0.10674529409041986
1.511534729298017,-0.24187651175611816,1.2830334210906316,1.2924247491644323,-0.017082826575108304,-0.8112603957081604,0.7516304604850462,2.3552255588093765,2.3990721234787116,0.4883639588221755,0.0054392898246670126,0.0312303430289705,0.025517736818500145,-0.02427105125250343,-0.07963135752537714,-0.0030252709130864255,0.00013340414735819666,0.20328348260186155,0.22325510102990487,-0.0943894368367989,13.02000000000529,0.28680179339632333,0.01663398388787409,0.00130020035430789,0.4754085792716646,2.8442293898185023,2.0391310557751106,2.0057621475121357,4.171940274229585e-5,0.05090263202115672,0.11807219607064073,0.20228303427393277,-0.11599847440444122
1.5113722812914967,-0.2427939819692603,1.284359479548206,1.2924381097062045,-0.01727474998675827,-0.8145850962789912,0.7513887136222381,2.363264668685049,2.4080455794483875,0.4961901853342737,0.0024928668489489813,0.03046583968255393,0.024025867220167915,-0.024366503478894044,-0.07951284694149882,-0.003070237854116883,-0.006009924100278637,0.2013233927626832,0.22402531633651612,-0.1100497149587077,13.060000000005338,0.28644696628490834,0.015263003501523723,0.00130020035430789,0.47754743695259094,2.849597215652466,2.050417184829712,2.000466823577881,-1.2673454875766765e-5,0.04301570728421211,0.09771034866571426,0.20220117270946503,-0.11671533435583115
1.5111004080487025,-0.24365600946533278,1.2856585782552232,1.292450067994749,-0.017467313543247417,-0.8179066710702104,0.7510290622738793,2.3712282622924397,2.417007097345233,0.5038023236742166,-0.00031537033878023155,0.03005559970890215,0.022694505228021394,-0.02442940498968564,-0.07941668962623961,-0.0031178727661905214,-0.0059149562991748375,0.19962008868502615,0.22276721949010556,-0.11814352787039682,13.100000000005387,0.28595194407243385,0.013708411337240784,0.0013004733300407952,0.48145575953555697,2.8538768484512325,2.058101102975475,1.9944805623017534,2.1358342320062492e-5,0.059820399876812945,0.1332056955312237,0.23998592324017193,-0.11457898126090055
1.5107196541434433,-0.24446904588329477,1.2869444750730037,1.2924611580467826,-0.01765951631155312,-0.821225560207373,0.7507603082686679,2.3791312858672633,2.425886668862793,0.511439905458883,-0.003068253155956864,0.02993433721980193,0.02156681651045554,-0.02446739122899063,-0.07933564253070728,-0.0031705639738722736,-0.001568084122812507,0.1983737078484104,0.22002451691376654,-0.12081057081132493,13.140000000005436,0.28549694513545343,0.012178625906784151,0.001300570322200656,0.48389661753493474,2.8586065814791746,2.0666051576992617,1.9905911565589482,3.659826045560579e-5,0.06417961279945437,0.14606249054600223,0.25404874660139853,-0.11695699691449847
1.510228426027811,-0.24524104855888448,1.2882282954525412,1.292471727698102,-0.017850635655489763,-0.8245420331411502,0.7507189435555685,2.3869934631118626,2.4346322829131535,0.519263907518954,-0.00582232904215636,0.030037707955266238,0.020669985255103142,-0.024487463845849267,-0.07926416747582495,-0.003230212872358518,0.005409359117268012,0.19764089681588337,0.2161484534577116,-0.11983807690252833,13.180000000005485,0.285014079512729,0.010608011943707439,0.001300570322200656,0.48667940497398376,2.867094039916992,2.081875801086426,1.9859299659729004,4.492390507948585e-5,0.0599169097840786,0.14670991897583008,0.2557344436645508,-0.12525396049022675
1.509623702237399,-0.245981047571321,1.2895187366678886,1.2924819770093707,-0.018040188899197215,-0.8278562362714397,0.7509831201395255,2.394835343358471,2.44320258252928,0.5273723074734666,-0.008620838996011678,0.030309223110491782,0.02002431775148771,-0.024495772641810905,-0.07919790197036591,-0.0032983862774654464,0.013718437583525502,0.1974110698263001,0.21132313980487455,-0.11666679535588861,13.220000000005534,0.2844135570965959,0.008941856217791956,0.0013003852218389511,0.48977133631706243,2.8739132881164555,2.092373847961426,1.9802854061126711,5.170522854314186e-5,0.05868151038885117,0.14695696532726288,0.23993672430515292,-0.10566540807485582
1.5089014882786305,-0.24669883239382087,1.2908224346969444,1.2924919915785311,-0.018227892623227267,-0.8311682283322253,0.7515855743044347,2.4026761595187427,2.451560890312972,0.535814448613655,-0.011492123150247939,0.030702852295041744,0.01964158197014879,-0.02449746427056539,-0.07913361393223023,-0.0033762958843913306,0.022392725001867186,0.1976306982250107,0.20560062053637138,-0.11237424285834877,13.260000000005583,0.28383750763955756,0.00749280162634329,0.0013003852218389511,0.4897713363170624,2.873913288116455,2.092373847961426,1.980285406112671,5.170522854314186e-5,0.058681510388851166,0.14695696532726288,0.2399367243051529,-0.1056654080748558
1.5080574059435436,-0.24740449728557767,1.292144418697732,1.2925017782406376,-0.018413615156153782,-0.8344780146513519,0.7525275816516043,2.4105324251001066,2.459670633238531,0.5446061394698808,-0.014445166558622147,0.031184780983526138,0.019520962536952617,-0.024496481127400504,-0.07906923838576131,-0.0034647321208493374,0.030822068774682607,0.19821907393073085,0.19893700566901845,-0.10765743442582736,13.300000000005632,0.2831231523142227,0.005849288263401192,0.0013003852218389511,0.49322280287742615,2.8815231323242188,2.105041265487671,1.9737780094146729,-6.12795993220061e-5,0.0536738857626915,0.1404781937599182,0.25226300954818726,-0.11569330841302872
1.5070873793740762,-0.24810780660814213,1.2934885679948276,1.2925112993229113,-0.0185973300246702,-0.837785574841553,0.7537914367351998,2.418417120659754,2.467492383425778,0.5537426152715667,-0.01746865252649613,0.03173257911048753,0.019642403853947263,-0.02449570976367151,-0.07900349380634245,-0.0035640420912178904,0.03863454269570063,0.19908049646907278,0.1912385507109061,-0.1029750625259837,13.34000000000568,0.2824636304533291,0.004325003576563542,0.0013003852218389511,0.4953080415725708,2.887934684753418,2.1142210960388184,1.9672346115112305,2.3182323275250383e-5,0.06698180735111237,0.1511351615190506,0.2480311393737793,-0.11691535264253616
1.5059885635919354,-0.24881714346801334,1.2948580897597723,1.2925205089081568,-0.018779070004104115,-0.841090882890208,0.7553507751396451,2.426339124672027,2.4749826842128826,0.5632086394494907,-0.02051769584772916,0.03233960402393978,0.019956547035151893,-0.024496338545083072,-0.07893630985973481,-0.00367387044508053,0.04582744484009713,0.2001064670992898,0.18239686521641282,-0.09839659171770151,13.38000000000573,0.28177145499181533,0.002830760705607156,0.0013004336027248899,0.4973484788669318,2.8929002090338116,2.1230064598702962,1.9641969119431932,-1.6166006607214268e-5,0.0699394497035417,0.13881689543829523,0.22376198133061298,-0.10267552378157022
1.5047603730926882,-0.2495386594015202,1.2962559900581714,1.2925293928343007,-0.018958866346808698,-0.8443939353644065,0.7571857880204409,2.4343032715280652,2.4820942059546596,0.5729938224995643,-0.023531960438212436,0.03300499135030014,0.020406081125087894,-0.02449843138740365,-0.07886832660313964,-0.003793488746648848,0.05264390045920446,0.20120894397605757,0.1723368599321934,-0.09375347921894724,13.420000000005778,0.2810187980834281,0.0013214990101901082,0.0013002305635321113,0.4986091885415214,2.8978661561377774,2.128948115096629,1.9607859795225326,-6.073538569645834e-5,0.0737640636754521,0.1339850583770544,0.18821278985507947,-0.10398294988772885
1.5034045593638266,-0.2502763489815791,1.2976849456659574,1.2925379657744653,-0.019136745296049022,-0.8476947477461336,0.7592835058169618,2.4423115660464694,2.488778399044457,0.5830927001459827,-0.026459212635769655,0.03371816693499141,0.020941088880857106,-0.02450245031471167,-0.0787996700911659,-0.003922260343265443,0.05915811631034954,0.20233217676459544,0.16107473942306455,-0.0890552783198748,13.460000000005827,0.2803085487708615,-0.00011724865006763138,0.0013003852218389511,0.5033614635467529,2.9044129848480225,2.1421923637390137,1.9559334516525269,5.476374280988239e-5,0.06751187890768051,0.1283295601606369,0.19310812652111053,-0.10320372134447098
1.5019249952939906,-0.251032401998434,1.2991468360914509,1.2925462496694493,-0.019312756799321422,-0.8509933391443171,0.7616298015423006,2.4503641371062517,2.4949892111403247,0.5934962071001271,-0.029254097890471186,0.03445624801133575,0.021519354167659387,-0.024509455459985216,-0.07873000041099189,-0.004059645220282902,0.06524880611089057,0.20343545801679658,0.1487159385194685,-0.08451818040097027,13.500000000005876,0.27961376704109386,-0.0015247062857072688,0.0013002420388247896,0.5058304494090021,2.9099078887261833,2.150536743765439,1.9498259408712575,-1.727033097558444e-5,0.0538016458176919,0.12322423526359655,0.19326397888771898,-0.10503651586113806
1.5003276341196974,-0.251807521053469,1.300642308405781,1.2925542566394064,-0.019486999441122362,-0.8542897255016658,0.7642028964064247,2.458459745703884,2.500687023758679,0.6041847307016173,-0.03187140761768128,0.03518854076164078,0.02210502365534017,-0.024520938211233814,-0.0786588355416304,-0.004205119687227828,0.07066818838001603,0.20449305284276575,0.13549019024544248,-0.08049739286339364,13.540000000005925,0.27885927714634146,-0.002954771151954724,0.0013003061871949496,0.5075371862269356,2.913908871007117,2.173740311246932,1.945927917270557,-7.027293191928968e-5,0.04918508361952352,0.1276102576616976,0.19171660150722863,-0.10408847503149585
1.4986206344961313,-0.25260118551014527,1.3021706543886564,1.2925619788305975,-0.019659636277231798,-0.8575839221441847,0.7669693984872066,2.466596027095763,2.505843017975843,0.6151238540687439,-0.03426368905807568,0.03588470796245697,0.02266874748079699,-0.024538626016266416,-0.07858573295757591,-0.004358087645577675,0.07509224568579556,0.20546623028876343,0.12166920286125667,-0.07742077148917156,13.580000000005974,0.27814783042139174,-0.004213058005226218,0.0013003852218389511,0.5093535780906677,2.918146848678589,2.162997007369995,1.9428107738494875,4.11025139328558e-5,0.055863264948129654,0.12756480276584625,0.1893754005432129,-0.10174233466386795
1.4968143543392989,-0.2534119646999129,1.3037298190549582,1.2925693831463656,-0.0198308998031272,-0.8608759465169594,0.7698824605188371,2.4747687366028086,2.5104382861376537,0.6262628332086168,-0.03638508685179457,0.03651323318395247,0.023189287573414475,-0.02456417859979141,-0.07851035202045548,-0.0045178906170570375,0.07818656303565741,0.2063047393982785,0.10748719275561766,-0.07571556884381664,13.620000000006023,0.27745881179646187,-0.0053788971979322996,0.001300385221838951,0.512325644493103,2.9260566234588623,2.175076961517334,1.9370702505111694,-9.611487621441483e-5,0.035858701914548874,0.13720279932022095,0.23578879237174985,-0.10477376729249953
1.4949213688493461,-0.2542378444110071,1.3053163308314035,1.2925764093744079,-0.020001087200008802,-0.8641658247976087,0.7728825107569012,2.482971600420349,2.5144634976605915,0.6375357814909127,-0.03818831300046251,0.03703999541920156,0.02365254576859452,-0.024599123891789323,-0.07843263994112323,-0.004683768648364076,0.07965343287334968,0.20695671093833126,0.09319011668283214,-0.07576113389503027,13.660000000006072,0.2766468821909435,-0.00673066244808999,0.0013003852218389511,0.512325644493103,2.9274629477164895,2.175076961517334,1.935926174547074,-9.611487621441483e-5,0.035858701914548874,0.13297832846207172,0.21699519581413812,-0.10477376729249954
1.492956589446588,-0.2550765122868313,1.3069251991683664,1.2925829712865524,-0.02017055366624176,-0.8674536029463257,0.7758990619942148,2.4911961900164763,2.517919625866419,0.6488638585805898,-0.039623513526498455,0.03742822951785501,0.024050239677400963,-0.024644855160743228,-0.07835289621381732,-0.004854807817649915,0.07924695057879357,0.20736651073733367,0.07904827057523715,-0.07787532093846133,13.70000000000612,0.2757817727439661,-0.008057917576013393,0.0013003852218389511,0.5128529667854309,2.9325520992279053,2.1859586238861084,1.9304670095443726,-7.581424142699689e-5,0.05759093537926674,0.1256842166185379,0.21206262707710266,-0.10718894004821777
1.4909373936170254,-0.255925571685774,1.3085498405370883,1.2925889601786877,-0.020339703810067084,-0.8707393588084648,0.7788531438055071,2.49943175681385,2.520819032205363,0.6601579918612722,-0.040638218665220965,0.0376400781662287,0.024377611417510207,-0.024702563655696556,-0.0782718030185332,-0.005029884631149984,0.07679159270565764,0.2074745250706704,0.06536163751543932,-0.08229738241155111,13.74000000000617,0.275001217482084,-0.009285835523471371,0.001300570322200656,0.5173590183258057,2.938891649246216,2.1961452960968018,1.9249542951583862,-0.0001319618459092453,0.04675474390387535,0.11937801539897919,0.1938810497522354,-0.10114755481481552
1.4888837308631109,-0.25678263644722593,1.3101820898234018,1.29259425202599,-0.02050897896469029,-0.8740232140668673,0.7816607244686834,2.507665080961896,2.52318667155812,0.6713224668226927,-0.041177491378090264,0.03763951407289853,0.024630056208489542,-0.024773097516158412,-0.07819046221051298,-0.005207590891867012,0.07221367601945015,0.20721797159810182,0.052461010749125285,-0.08915308242211827,13.780000000006218,0.2742082190013202,-0.01052244243946258,0.0013004412412356485,0.5190472090035524,2.954845726593456,2.20366685789127,1.9207672996308525,2.9612725218239892e-5,0.043384641566091134,0.10491970034729628,0.18247659744183176,-0.09601814549403515
1.4868181805639582,-0.25764525953536366,1.3118123443631249,1.2925987196016175,-0.020678838390764755,-0.8773053455734003,0.7842376787142041,2.515880357047024,2.5250612287143457,0.6822600082780776,-0.04118457754901834,0.037396404195117285,0.024798817661895803,-0.02485675658321371,-0.07811044146053138,-0.005386145978470312,0.06558664302412685,0.20653166922236912,0.04070294020879115,-0.09837149434021157,13.820000000006267,0.273360438757545,-0.011798353481630382,0.0013003852218389511,0.5203668292191441,2.960010921754659,2.20900358054719,1.917839456207084,9.164067573788146e-5,0.03989042011401527,0.09874717369172596,0.18066495204244556,-0.09302848624378411
1.4847659238728934,-0.2585106695655699,1.31342987799986,1.292602250378412,-0.020849732774988423,-0.8805859956863251,0.7865068787397386,2.524059139052737,2.5264959478584683,0.6928789821781733,-0.040602310508023834,0.03689139280163894,0.024866796066765305,-0.024953035764019103,-0.07803383464929223,-0.0055633128501705684,0.057193614629711516,0.20535092384419898,0.030461003955131887,-0.10970364532502905,13.860000000006316,0.2725523777025158,-0.012983499181603932,0.0013003852218389511,0.5228957533836365,2.9524338245391846,2.21793270111084,1.9130538702011108,5.677137596649117e-5,0.031137187033891678,0.0991874411702156,0.19418372213840485,-0.08973870426416396
1.4827546173687065,-0.2593753167093302,1.3150233618304998,1.2926047713305917,-0.021022067325312213,-0.8838654835061709,0.7884087346636317,2.5321807461496575,2.5275601837699853,0.7031037738517727,-0.03937149328496077,0.03612325459508168,0.024802835248374837,-0.025060163605202333,-0.07796362203909588,-0.005736278213149691,0.04769291139061606,0.2036512977643876,0.022241908411187023,-0.1225346180097663,13.900000000006365,0.2717076020929331,-0.014091927078384482,0.0013002363174185706,0.5245560174168786,2.9571251194403554,2.22782687999242,1.90887426039815,-3.6969603286574e-5,0.033709688306019336,0.10258771899357393,0.18807063832165788,-0.09029937704130855
1.4808144713502744,-0.26023383401400096,1.3165819061974315,1.2926063029617818,-0.021196124412569538,-0.887144247872604,0.7899285968353772,2.5402243214921882,2.5283485099298035,0.7129018511179933,-0.037425240965675365,0.035126979196963906,0.024544029303075254,-0.025173862007825062,-0.07790513632189426,-0.005901104602797724,0.03868092912609955,0.20139437013826567,0.016623837729737478,-0.13528176118144677,13.940000000006414,0.2708349300245436,-0.015267937006110774,0.0013004218715165648,0.524957001209259,2.959291394143829,2.232082134736624,1.9078648090362549,-3.5102572719456113e-6,0.03995216996795856,0.10536057414030937,0.1937102217712202,-0.0922363744780442
1.4789768447123985,-0.26107833468190145,1.3180961880225457,1.2926069972272438,-0.021372007714302144,-0.890422848374562,0.7911162373797274,2.5481642171010153,2.5289619938727843,0.7223050804837798,-0.034764722683426785,0.033951598848367855,0.024040220317115564,-0.02528956491796373,-0.07786179069240759,-0.006054036672219573,0.031522295321746836,0.1984311359999542,0.013408698100967432,-0.14655022533596493,13.980000000006463,0.2699380300917925,-0.01646256891570689,0.00130020035430789,0.5271621346473694,2.9670066833496094,2.2452805042266846,1.9029752016067505,2.3452115783584304e-5,0.031077614054083824,0.1114848256111145,0.18075376749038696,-0.09304191917181015
1.477271214084516,-0.26189963133861804,1.3195583969928366,1.292607073034849,-0.02154970534997786,-0.8937018581888931,0.7920572272663987,2.5559715943994816,2.5294927163484844,0.7313820545074339,-0.031458554505747825,0.03262822567240947,0.023278426717424226,-0.025404686237376586,-0.07783381542223801,-0.006192626543448496,0.02665740881730585,0.19474770291024085,0.01241635016738862,-0.1558894048049055,14.020000000006512,0.2690844789620285,-0.017574776968836914,0.00130020035430789,0.5287919640541077,2.973130464553833,2.252962589263916,1.89854097366333,3.733695120899938e-5,0.038030724972486496,0.09433270245790482,0.1735890507698059,-0.07866940647363661
1.4757233538006322,-0.2626885604067141,1.3209614455920264,1.2926067413325288,-0.021729184474677494,-0.8969817957554177,0.792839350293996,2.56361833758182,2.5300279886074235,0.7402038270180648,-0.027610569021160145,0.031165673520158962,0.022271286709284667,-0.02551874742611255,-0.0778197283601874,-0.006315484524854251,0.023818468393116667,0.19038328736600482,0.013584173099139266,-0.16357580785802064,14.06000000000656,0.2683048782734035,-0.01859856080984751,0.0013001971953319387,0.5288394137643062,2.9732341609791995,2.2531556595163638,1.8984456653164763,3.739852559820221e-5,0.038017545168520586,0.09434898983591887,0.17356277546480964,-0.07866639343840084
1.4743545920196692,-0.2634367693034488,1.3222984009275902,1.292606164319534,-0.021910452942517734,-0.9002631047296624,0.7935328274249659,2.571078028905272,2.5306537281688173,0.7488238589032058,-0.0233350143666591,0.029564286460127483,0.021043614770205825,-0.02563224513260353,-0.07781767722884966,-0.006421798936038851,0.022468527267193082,0.18537999045801304,0.01689629976011898,-0.17015224306333937,14.10000000000661,0.26749429676207725,-0.019577005553650117,0.0013000152539461851,0.5315722823143005,2.9792065620422363,2.264275550842285,1.8929563760757446,4.0944905776996166e-5,0.03725845366716385,0.09528706222772598,0.17204944789409637,-0.07849285751581192
1.4731817103290514,-0.26413696817039733,1.3235625041460304,1.2926054523439166,-0.02209356856847371,-0.9035461638827758,0.7941879166058551,2.5783257251610654,2.531455004821435,0.7572760122864685,-0.018742177471940225,0.027830798988353212,0.019622341054840235,-0.025745477567694783,-0.07782632630851175,-0.006510948513295078,0.022197465505294247,0.17977025554004794,0.022321400276736337,-0.17601405223087951,14.140000000006658,0.26669302254779287,-0.020588287013640856,0.0013003852218389511,0.5336575508117676,2.9966557025909424,2.2730960845947266,1.888666033744812,8.601908120908774e-6,0.03563672676682472,0.10081646591424942,0.15887229144573212,-0.0636109933257103
1.472217044226499,-0.26478284770252813,1.3247476597285621,1.2926046840217187,-0.022278611000542674,-0.9068313089256981,0.794844784716254,2.5853377032678933,2.5325147289749674,0.7655852971455567,-0.013936815387411493,0.025987011552003947,0.018032312577096945,-0.025857929243337612,-0.0778451133889715,-0.006582349097535197,0.022917335376466397,0.1735858060406999,0.029782945789417602,-0.1812045472496967,14.180000000006707,0.26582874753576025,-0.02164653771416393,0.0013002295890395003,0.5344641694603093,2.993424112976437,2.2769072762197915,1.8871939609796309,-9.300498550167775e-6,0.0359811099284781,0.0992663138680125,0.1588157880225276,-0.0666435735459519
1.471468344728948,-0.26536892620104807,1.3258491109101906,1.292603928947868,-0.022465646026825156,-0.9101188480793683,0.795545571386638,2.5920914033960876,2.5339105272274556,0.773780986395001,-0.009030977574943203,0.02406912524092952,0.016299117286768354,-0.02596851626220937,-0.07787365154370111,-0.006635580378238537,0.024714092526380044,0.1668318080468574,0.039008509742323005,-0.18556712530094488,14.220000000006756,0.2649312864460153,-0.02268725610142819,0.0013000301992062602,0.5356737282502512,2.9892852020506755,2.282662060342381,1.884812498257101,-3.394707214165215e-5,0.034861225330482644,0.09573294513433644,0.157153419583549,-0.07189901595137957
1.470937632577121,-0.26589109877952466,1.3268635898272843,1.292603226080119,-0.022654752522486634,-0.9134090162138833,0.7963181881153315,2.598562609147468,2.535696308190081,0.7818819713507571,-0.004179680025180972,0.022099546401565875,0.014479166207423119,-0.026077876663592486,-0.07790845191092553,-0.006671382364140542,0.02662182493099345,0.15945584505634416,0.049151649447115225,-0.1899778804283955,14.260000000006805,0.2642682312057072,-0.023502044309528264,0.00130020035430789,0.5367974042892456,2.992832660675049,2.288423776626587,1.8807804584503174,-2.082190661933675e-5,0.020780611596681996,0.07981044799089432,0.1460786251792881,-0.08418389409780502
1.470620842438488,-0.266347743910802,1.3277887458692286,1.2926025327228265,-0.022846082752598855,-0.9167019081876313,0.7971424644827144,2.604728630142293,2.5379002575762772,0.7898627221579353,0.0004963375091425377,0.02008953751003997,0.01263726235364884,-0.026186948161783536,-0.07794600592575854,-0.006691141799781983,0.027530496811465653,0.1515722992281854,0.059857533532614624,-0.19548444650439648,14.300000000006854,0.26341818412094126,-0.024460022512059105,0.0013000500018467897,0.5383549271828807,2.997057387056728,2.295403532002341,1.877470685989805,3.553620056376992e-5,0.021231685738139248,0.08297267456958045,0.15490670867969536,-0.07394899091819797
1.4705100625238199,-0.26673938827949806,1.3286230250202176,1.292601756253187,-0.0230398184218423,-0.9199975362475905,0.7979685139935552,2.610571180332739,2.540541717841203,0.7976707895247258,0.004930647526644263,0.01805372418469496,0.010822836506418352,-0.026295556797668325,-0.07798497251715839,-0.006695978654708811,0.02704343473107219,0.14327899344047645,0.07097992912319288,-0.20241666596467275,14.340000000006903,0.26255391111872384,-0.02545055785285822,0.0013002518801178413,0.5396806755057424,3.0012300862654397,2.3023206494363686,1.8741993021818804,5.299142087191591e-6,0.023265331144874,0.08435601077035464,0.15460725911352785,-0.07300096401179587
1.4705949371892828,-0.2670682276686015,1.3293658153706047,1.292600791546448,-0.023236117614787808,-0.9232958795528885,0.7987404743795425,2.6160757176508573,2.543635299001547,0.8052508316040126,0.009077438758037518,0.01601103477561791,0.00907810489420039,-0.02640276338974518,-0.07802496850809128,-0.006686926328713836,0.025205042810645447,0.13466873264397605,0.08242024382578958,-0.21065300821582597,14.380000000006952,0.2617841644546914,-0.026346210530785764,0.0013003852218389511,0.5402249097824097,3.0030312538146973,2.305309534072876,1.8727868795394897,-1.873942164820619e-5,0.02445877529680729,0.08472371101379395,0.15347060561180115,-0.07379966229200363
1.4708631938376546,-0.26733796880135463,1.3300175049933234,1.2925995360609126,-0.02343508965294015,-0.9265969004689872,0.7994081004007535,2.6212314675701363,2.5471920479737045,0.8125564324050372,0.012899402131856481,0.013979599290375516,0.007444215817244038,-0.026507491149103696,-0.0780657899204209,-0.006665104930241903,0.022210882365283666,0.1258368760905157,0.09409327750845525,-0.21991634943353738,14.420000000007,0.26106900014043966,-0.02715125778097413,0.001300570322200656,0.5417349338531494,3.008939504623413,2.315112590789795,1.8684725761413574,-0.00011040207755286247,0.011154540814459324,0.0818541944026947,0.14358343183994293,-0.07412882149219513
1.4713008102678284,-0.26755384938967514,1.3305793074935677,1.2925978902638207,-0.023636792741128135,-0.929900543279665,0.7999291790548889,2.626031297215048,2.5512184893836296,0.8195526457735794,0.016356661139256955,0.011969560339146867,0.0059625520389515125,-0.026608825196131537,-0.07810696538512957,-0.006631813164850492,0.01826073681455349,0.11687057239283977,0.10584969806719857,-0.22991793384703038,14.46000000000705,0.2602918913892832,-0.02798062126361803,0.001300570322200656,0.5417349338531494,3.008939504623413,2.315112590789795,1.8684725761413574,-0.00011040207755286247,0.011154540814459324,0.0818541944026947,0.14358343183994293,-0.07412882149219513
1.4718920089429248,-0.2677226238090077,1.3310528401300163,1.2925957540689683,-0.02384123581651693,-0.9332067279300401,0.8002703902909918,2.6304720517393894,2.555716436841609,0.82621678457036,0.01940854432843405,0.009982186022897317,0.0046709097754441915,-0.026706022272415295,-0.07814788273167554,-0.006588563517302364,0.013587289135959732,0.1078854101961513,0.1176377506370421,-0.2403503116590593,14.500000000007098,0.25960245283059635,-0.02875626782203223,0.0013000598029347917,0.5435425969159795,3.0139657004216938,2.3236440324253222,1.8648021002297688,6.933723565717104e-5,0.01639494484329559,0.08293993525533969,0.13880271015094772,-0.06420642386171976
1.4726193353201813,-0.26785242060604597,1.3314398557807854,1.2925930200123967,-0.024048386967515344,-0.9365153484652012,0.8004062211465259,2.6345551132608613,2.5606870967419093,0.8325366017466604,0.0220154242565224,0.008014881576143018,0.0036029062983660982,-0.02679881387117344,-0.07818771140561691,-0.00653710010506344,0.008337595605554023,0.09898567717504746,0.129455663669608,-0.25100631180388844,14.540000000007147,0.2589578242575197,-0.02941859502123692,0.0013003852218389511,0.5452103614807129,3.02933669090271,2.3314950466156006,1.8608386516571045,7.282086153281853e-5,0.0046085468493402,0.07989644259214401,0.13520623743534088,-0.06172434240579605
1.473463894390488,-0.2679526175713443,1.3317420648584164,1.2925895681984594,-0.024258186044999665,-0.9398262715499276,0.8003158085975889,2.638285536524486,2.5661312428598633,0.8385066748985662,0.024145936478201062,0.006061927321360444,0.00278876348182947,-0.026887245551830228,-0.07822551160456978,-0.006479242563579253,0.002606048052296335,0.09025115138642358,0.14127786743372392,-0.26173775239217045,14.580000000007196,0.25832467320749286,-0.030062846514920423,0.0013004636570632631,0.5453017670299671,3.026858461421411,2.334811206603132,1.8594929013185135,4.3629867630554274e-5,0.007047515505113931,0.08193437717502502,0.13644504277616198,-0.06049540944520838
1.4744058039092316,-0.2680337139504997,1.3319610206485504,1.292585269795635,-0.024470549584648,-0.9431393369578385,0.7999821747306736,2.641671205560048,2.572047945887568,0.844127401497604,0.025781004086385933,0.004116313422611006,0.002254740719824797,-0.026971468104122848,-0.0782603569968411,-0.006416717692098067,-0.0035060326790613185,0.08174645641978662,0.15305435198199016,-0.27239523163504203,14.620000000007245,0.25771980536078454,-0.030721686701863954,0.00130020035430789,0.5466484427452087,3.0241353511810303,2.3553316593170166,1.8567639589309692,-0.00012330057506915182,0.03088467009365559,0.08457759767770767,0.13378582894802094,-0.05989011377096176
1.4754247188397696,-0.2681071536814274,1.3320980333207157,1.2925799929367143,-0.024685373021603455,-0.9464543598608851,0.7993923755472813,2.6447223914891964,2.5784345688892905,0.8494047613100594,0.026913136874975034,0.002169754594061168,0.002021621097067404,-0.027051781205973967,-0.07829134962287787,-0.00635118911313821,-0.009905615609712199,0.07352470342612685,0.16474712532491773,-0.28284900354173304,14.660000000007294,0.25702965478611717,-0.03140179906971147,0.0013003852218389511,0.5477270483970642,3.027071475982666,2.344641923904419,1.8536601066589355,0.00010044669033959508,0.029469065368175507,0.07034660130739212,0.12441868335008621,-0.04985399171710014
1.47650025581519,-0.26818510197684653,1.3321541164061936,1.2925736055336776,-0.0249025331602734,-0.9497711325002736,0.7985370984340872,2.647451163424696,2.5852866665777556,0.8543494746659651,0.027543895551111475,0.0002145978319676087,0.0021041807280224112,-0.02712854751751158,-0.0783175993969617,-0.00628425392370762,-0.01650272962130927,0.06562376359293604,0.17630239106162984,-0.2929809399150379,14.700000000007343,0.2564142202986936,-0.03205758015157883,0.0013003852218389511,0.5477270483970642,3.0306374796491014,2.351835116160256,1.8512692194033569,-7.88763351027823e-6,0.029469065368175507,0.05997060518556982,0.12192559465912516,-0.055083984537742395
1.4776123224135722,-0.2682801971937785,1.332130023219498,1.2925659789356125,-0.025121886734907967,-0.9530894244588656,0.7974109875985498,2.6498708956745722,2.5925972333000065,0.8589769757897847,0.02768255350203374,-0.0017541518664556562,0.0025107381698150216,-0.027202069037230315,-0.07833823852623213,-0.006217410986134931,-0.02318989453128061,0.058071953003203725,0.18764632435969797,-0.3026630653361327,14.740000000007392,0.25579973581751647,-0.03269938730543386,0.0013003852218389511,0.5477270483970642,3.0312540531158447,2.353078842163086,1.850855827331543,-2.6618985430104658e-5,0.029469065368175507,0.05817656219005585,0.12149453163146973,-0.05598826706409454
1.4787413729995156,-0.26840527399347136,1.3320263625594821,1.2925569926313518,-0.02534326582731263,-0.9564089822334207,0.796013602346988,2.6519959752514524,2.6003558959360484,0.8633080354460626,0.027344781632511937,-0.003737086454048575,0.0032425552008775557,-0.027272496674414226,-0.07835243501739052,-0.006152036210098274,-0.029830573704570765,0.05089227564290914,0.19868497011690456,-0.311745933220503,14.78000000000744,0.2552228161694588,-0.03330646720926968,0.0013003852218389511,0.5507470965385437,3.0358200073242188,2.3610122203826904,1.8476799726486206,7.888866093708202e-5,0.04960613325238228,0.07597648352384567,0.11341492086648941,-0.05304323881864548
1.479868600412146,-0.26857305737380033,1.3318437716491607,1.2925465394762545,-0.02556647121106979,-0.9597295284739709,0.7943507096672777,2.653841647117294,2.6085481211101227,0.8673697135537796,0.026551550015258003,-0.005729476315178027,0.004293223631450218,-0.027339764287876083,-0.0783594107412968,-0.006089374764696893,-0.036253237661672766,0.04410517468637082,0.20930505749772085,-0.3200529028417234,14.82000000000749,0.2546872494906557,-0.033873655414277316,0.0013002687102095412,0.5532848689150215,3.039082943386461,2.366556131320588,1.845587801786883,6.732415260333406e-5,0.0387614608753602,0.07256966234932583,0.11623075749117956,-0.049737032039425075
1.4809760757015216,-0.26879583148223085,1.3315831259716706,1.2925345310587004,-0.025791264205704757,-0.9630507612290028,0.7924357474080288,2.655423965281241,2.617154470504663,0.87119647134448,0.025328106878389833,-0.007720372523125992,0.005648153762370632,-0.027403529438875713,-0.07835846043719844,-0.006030535526780069,-0.04224840907208512,0.03773117541126291,0.21937544837676468,-0.3273774660562395,14.860000000007538,0.2541567322657848,-0.03441463115649975,0.00130020035430789,0.55477374792099,3.040997266769409,2.3698086738586426,1.8443603515625,6.0539401602e-5,0.03239902853965759,0.0705709233880043,0.11788277328014374,-0.047797322273254395
1.4820468378708611,-0.26908508925381147,1.3312457882280215,1.292520903262039,-0.02601735742624396,-0.9663723532949372,0.7902913422542269,2.656759842736845,2.626149916914656,0.8748313289653273,0.023703073735854754,-0.009691806551417667,0.00728426481539079,-0.02746312531898498,-0.07834897297714356,-0.005976488032818367,-0.04756854704694091,0.03179310092965482,0.22874873823985561,-0.3334832965288359,14.900000000007587,0.25359812562451356,-0.03499631648749052,0.0013003852218389511,0.556115984916687,3.0438854694366455,2.3745665550231934,1.841160535812378,-1.406016690452816e-5,0.023969898000359535,0.06731991469860077,0.11151086539030075,-0.04384477809071541
1.48306494029526,-0.26945117440536215,1.3308338879784734,1.2925056218741193,-0.026244405007745636,-0.9696939519144608,0.7879507682108864,2.657867180681019,2.635503230441881,0.8783269624004321,0.02170763588377677,-0.011618278608338197,0.00917001691113961,-0.02751753058577522,-0.07833045420064906,-0.005928064759734361,-0.051930862409682234,0.02631782552791274,0.23726317350567358,-0.33810697382887844,14.940000000007636,0.253186774970118,-0.03543396228517884,0.0013003852218389511,0.5567809433248542,3.0454434675830457,2.380334616877735,1.8401940262746013,-7.828927471854524e-6,0.029495676919298316,0.06942479753645933,0.10640141914096235,-0.04591642550629953
1.4840154575583346,-0.2699029337157097,1.330350619483025,1.2924886879402155,-0.026471993090681035,-0.9730151790232656,0.785459215608413,2.658765061022391,2.645176449983345,0.8817466235937631,0.019374675633814356,-0.013466614309334293,0.011265952141893628,-0.02756536459722153,-0.07830254658726842,-0.0058859705518172325,-0.05502373410445095,0.021337688007770018,0.24474501044786387,-0.340963881069665,14.980000000007685,0.2527517572602509,-0.0358807338544675,0.0013004732888251655,0.5587246715366214,3.0498270016139424,2.38875219943058,1.8374688671007469,-1.926375352543769e-5,0.03303596363834636,0.07373016757223425,0.09771119103839851,-0.0482730824457195
1.4848844496079545,-0.2704474045097991,1.3298005420906622,1.2924701423637899,-0.02669963162013834,-0.9763356321207236,0.7828747103482477,2.659473991053443,2.6551244598603994,0.8851647078389193,0.01673762085980048,-0.015196279026337692,0.013525925666609448,-0.027604917117887148,-0.07826503897680658,-0.005850802113839046,-0.05651766105347814,0.016891673250889225,0.2510114233980491,-0.34175545487219694,15.020000000007734,0.25221447674182335,-0.03639968237805615,0.0013003852218389511,0.5595674514770508,3.0515553951263428,2.3855319023132324,1.8355998992919922,-3.203111918992363e-5,0.012045755982398987,0.06633779406547546,0.09444435685873032,-0.03766067326068878
1.4856588710498833,-0.27108957026194985,1.3291898643364741,1.2924500690399507,-0.026926748801838554,-0.9796548856771815,0.780268490148345,2.6600161932916806,2.6652946943664304,0.8886667818665983,0.013828742469558937,-0.016760234140840352,0.01589922434800802,-0.02763422192510643,-0.07821785858052815,-0.005823081296273613,-0.05608129062526979,0.013026469329972439,0.2558739642199129,-0.34018770314561103,15.060000000007783,0.25175015599813644,-0.03684371626718986,0.0013003852218389511,0.5602385997772217,3.05365252494812,2.3883721828460693,1.8327956199645996,7.021021883701906e-5,0.016989683732390404,0.05676636844873428,0.08556856960058212,-0.051998499780893326
1.4863264033023507,-0.2718322195527726,1.3285266899748158,1.2924285956097001,-0.02715268978919375,-0.9829724927993575,0.7777246238973514,2.660415932731267,2.675626989382951,0.8923491636156393,0.010676618672504282,-0.018106389216723397,0.018333453845807965,-0.02765118055847043,-0.07816103713805744,-0.005803305830734996,-0.053402807844831576,0.009797311293470393,0.25914239214711365,-0.3359901904073067,15.100000000007832,0.2513363067307988,-0.03727513709943527,0.0013003852218389511,0.5602385997772217,3.05365252494812,2.3883721828460693,1.8327956199645996,7.021021883701906e-5,0.016989683732390404,0.05676636844873428,0.08556856960058212,-0.051998499780893326
1.4868751787061079,-0.2726759402291402,1.3278212022685871,1.2924058907998093,-0.027376721267767995,-0.9862879867025457,0.7753386777395493,2.6606998726578484,2.6860535902929676,0.896317658434219,0.007302605077795303,-0.019179674429354487,0.02077824338464673,-0.027653739079531527,-0.07809464645612046,-0.005792020358983065,-0.04821620160619349,0.007268500647148541,0.26062854729575946,-0.32893632848781257,15.14000000000788,0.25089209489994874,-0.03770766622498389,0.00130020035430789,0.5615568161010742,3.0564448833465576,2.394244432449341,1.8305904865264893,7.420398105750792e-6,0.018770558759570122,0.0502379909157753,0.09070099890232086,-0.0413418747484684
1.4872933643593846,-0.27361927981657147,1.3270857634366553,1.29238215736865,-0.027598043469689748,-0.9896008815160643,0.7732152883727497,2.6608974388935818,2.696499304550088,0.9006852964021393,0.0037163928748429097,-0.01992467306924358,0.02318953307127768,-0.027640111405331992,-0.07801870535210165,-0.005789907181304454,-0.040329627995631424,0.005513206162532457,0.26014952978762734,-0.31886837347893815,15.18000000000793,0.2504713138203867,-0.038110818503660236,0.0013000152539461851,0.5643132328987122,3.0585062503814697,2.397576093673706,1.8285651206970215,1.5302426618291065e-5,0.024014422670006752,0.04727862775325775,0.07380765676498413,-0.04996117949485779
1.4875685822310805,-0.2746590852949375,1.3263349093241343,1.2923576200097533,-0.027815810596794114,-0.9929106720635279,0.7714646451146436,2.661041152941422,2.7068817557623017,0.9055691668132337,-8.894943982363006e-5,-0.02028866654232941,0.025533876417200268,-0.02760903086400978,-0.07793306773736129,-0.005797891748577424,-0.029651544685623008,0.004612014101177751,0.2575293634166125,-0.3057191424332749,15.220000000007978,0.25009898060249586,-0.03847314917512235,0.001300330600818492,0.5641681495685279,3.060630933351496,2.401583122943266,1.8268611241347585,6.947937609228072e-5,0.022108909006598256,0.0520501909556045,0.0679693643374802,-0.03336457640727216
1.4876871806709768,-0.27579101059387207,1.3255852231675094,1.2923325082847963,-0.028029159689630025,-0.9962168328176404,0.7701981091567752,2.6611668588850597,2.7171116616457436,0.9110865815389722,-0.004140151933100336,-0.020225080658686445,0.027792147527139696,-0.027560006102777156,-0.07783733491605245,-0.005817242980036783,-0.01620692378019212,0.0046483275262826414,0.2525981612673062,-0.2895239405203824,15.260000000008027,0.24969500676581882,-0.038838298575781596,0.0013000437259373548,0.563387708755733,3.062367967750449,2.4038679235103406,1.8259893264925222,4.8553825641266145e-5,0.010724828215037582,0.03821960377910264,0.08148437419586191,-0.03382866289010433
1.4876335236104583,-0.2770101597515062,1.324855063386437,1.2923070360969695,-0.028237247109530746,-0.999518818191726,0.7695234290450359,2.6613136731919855,2.7270930555702138,0.9173509706037787,-0.008483141435600364,-0.019697402752122402,0.029961814705384636,-0.027493576901157665,-0.07773079408528002,-0.005849643020597274,-0.00015418192237200357,0.0057003745569969835,0.2451903624410518,-0.27044438793604214,15.300000000008076,0.2493433740461632,-0.03915508922918065,0.0013003852218389511,0.5640735030174255,3.064702033996582,2.4077508449554443,1.8239871263504028,4.581433313433081e-5,0.006132738199084997,0.04255874827504158,0.08520165830850601,-0.03484443202614784
1.4873894230264317,-0.2783113182573696,1.3241641864638714,1.2922813807797493,-0.028439294432209886,-1.0028160563140625,0.7695358483483179,2.6615232046090096,2.7367234165815066,0.9244623120606026,-0.013172586497182618,-0.01867751099814726,0.032021810437579984,-0.027411577350140538,-0.07761179473571905,-0.005896950199705738,0.017896903112082405,0.007801535071380907,0.2351508448684485,-0.24914695993726654,15.340000000008125,0.2490225017041479,-0.03946946244974275,0.0013004506293768268,0.5643784183142955,3.065726829098088,2.4094997533336233,1.823250291595571,-4.645916295718798e-6,0.01340220485302962,0.04432727463635415,0.082517202632653,-0.03408154351554988
1.4869353991291847,-0.27968631379184644,1.3235337746513582,1.2922557086628872,-0.028634607781663192,-1.0061079411477727,0.7703082909087223,2.661835244168666,2.745892827805886,0.9324951045924831,-0.01817939077981284,-0.0171096600922677,0.0338477647353792,-0.027313682259756774,-0.07748034356492604,-0.0059594035606147806,0.03782588007919027,0.010810287390201703,0.2222063118527591,-0.22584579641194372,15.380000000008174,0.24868661293353075,-0.0397766502670744,0.0013004310605092139,0.5650205920314167,3.0684891854037346,2.4138397518561576,1.8214569081245409,-4.9057557439538974e-5,0.020697676099104417,0.046478922827048894,0.0753822867841808,-0.03284782178392198
1.4862537444483193,-0.2811205884581218,1.3229874779584365,1.2922302807193178,-0.02882246028049022,-1.009393881349517,0.7719289755987939,2.6622826537677753,2.7544780977428984,0.9415339412955339,-0.023425036511566747,-0.014919678784481107,0.03527332967652006,-0.027196758410276505,-0.07733789034854925,-0.00603612369671708,0.06016978884017574,0.014564411668434715,0.2060380249191095,-0.20016797607096543,15.420000000008223,0.24836808193030357,-0.040065270764420666,0.0013000152539461851,0.5654415245880815,3.0713166345764242,2.4177415246279534,1.8199775008689323,4.3653829074478934e-5,0.00724854085374506,0.043906241818456135,0.07174373373585377,-0.033130853138784326
1.4853290007313713,-0.2825927131243634,1.3225509873788313,1.2922054536025722,-0.029002098942663982,-1.0126732755372692,0.7744938046061481,2.662893316838116,2.7623483116847565,0.9516642156636286,-0.028838268371140015,-0.012060774382348479,0.03613491645835055,-0.027058616970336874,-0.07718460369305837,-0.006126353162075689,0.0848073108271779,0.018959951954184064,0.18657242461085022,-0.172429604499655,15.460000000008272,0.24813158576768493,-0.040319540141046474,0.0013003852218389511,0.5668538808822632,3.0736062526702885,2.4221317768096924,1.818066954612732,5.4855649068485945e-5,0.01994203217327595,0.03891102597117425,0.0665319487452507,-0.03420795127749443
1.4841483511024223,-0.28407463815828915,1.322250728524189,1.292181649060284,-0.029172807710948285,-1.0159454914967798,0.7780849946326426,2.663690886777769,2.7693734068968743,0.9629497769029033,-0.03433960785834649,-0.008518508668258925,0.03627737832067609,-0.026897952886068357,-0.07702030850795558,-0.006229324261180193,0.11122982000807542,0.023882957073581092,0.16391203597731402,-0.14334779599647565,15.50000000000832,0.24788502750407665,-0.04053302697116802,0.0013003852218389511,0.5668538808822632,3.073606252670288,2.4221317768096924,1.818066954612732,5.4855649068485945e-5,0.019942032173275948,0.03891102597117424,0.0665319487452507,-0.03420795127749443
1.482702418861255,-0.2855324254406348,1.322112419256793,1.2921593278338452,-0.029333958813775894,-1.0192098712026887,0.7827583682061294,2.664694187449126,2.7754305330769635,0.9754203632135424,-0.03983943827367986,-0.004315218393756385,0.035571329198671044,-0.02671443357135647,-0.07684488005708226,-0.006344325559916477,0.13866145298152827,0.02920360146328044,0.13830666139983683,-0.11389331212243825,15.54000000000837,0.24765107837700107,-0.040764206058433956,0.0013003852218389511,0.5683159232139587,3.0760631561279297,2.4258828163146973,1.8160057067871094,4.258583430782892e-6,0.013361713849008083,0.04628546163439751,0.06559417396783829,-0.029200108721852303
1.4809860956247924,-0.286927804042125,1.3221594659825795,1.2921389562702295,-0.029485064028297793,-1.0224657509053305,0.7885335269408855,2.665916681017103,2.780409657603266,0.9890630158511208,-0.04524076031452891,0.00048463705790388216,0.03393492210630069,-0.026509063139424853,-0.07665847012410039,-0.006470873903360541,0.16610001424573592,0.03478237677317989,0.11014056098233684,-0.08522340923821402,15.580000000008418,0.24744589736064376,-0.04097986085379966,0.0013003852218389511,0.5691068768501282,3.078280210494995,2.429154634475708,1.8145076036453247,-3.453674435149878e-5,0.014278347603976727,0.03888691961765289,0.06976861506700516,-0.02562803402543068
1.4789993746001435,-0.28822061337254784,1.3224113314342731,1.2921209634323798,-0.029625828868947063,-1.0257124968926652,0.7953855529247188,2.6673662813998953,2.7842189642265573,1.0038160267610488,-0.05043494281105045,0.0057779394470217444,0.03135440106319885,-0.02628457931725609,-0.0764618087249287,-0.006608868440231518,0.19235967854013875,0.04047878622572494,0.07993011764147337,-0.05861427977371525,15.620000000008467,0.24727189038579991,-0.041156871785370364,0.001300436409656146,0.5693919029786099,3.0788535593761606,2.4300196027337586,1.8140171318965912,-3.722087533415775e-5,0.01478566484483238,0.03772349045730385,0.06440586255269076,-0.028887771062734664
1.476748281047857,-0.28937194607095335,1.322882363868402,1.2921056936636697,-0.029756200653240722,-1.028949557400208,0.8032397604705183,2.6690447755558444,2.7867866736284417,1.0195671624655611,-0.05530515683677669,0.011430814010620228,0.027899300697958044,-0.026045496307829926,-0.07625638080937353,-0.006758707428520711,0.21616980937804156,0.04612693937773783,0.048126725838697475,-0.03532375418912645,15.660000000008516,0.24709388222497583,-0.041402069573648004,0.001300570322200656,0.5701375603675842,3.0803534984588623,2.4322824478149414,1.8127340078353882,-4.42428354290314e-5,0.016112858429551125,0.0346798412501812,0.05037635564804077,-0.03741557523608208
1.474245155094616,-0.2903478435820458,1.3235804591034088,1.2920933540981725,-0.029876409701426042,-1.032176514321815,0.8119685785188958,2.6709477629337464,2.788058770474436,1.0361548154304219,-0.05974750383894119,0.017261592570833397,0.02373113737341754,-0.025798507829358865,-0.07604422200267075,-0.006921422448103772,0.23616096648347232,0.051587418538684766,0.015191145353012627,-0.01661348483550485,15.700000000008565,0.24693807794097572,-0.04159678865485303,0.0013002264310501262,0.5709173089877568,3.0834835736361588,2.4354572890065267,1.8110742302907574,5.601210039140081e-5,0.012897236811737621,0.04310605310277392,0.04630392955331217,-0.021804423284226028
1.4715087910535372,-0.29112316836060315,1.324505241945027,1.292083959030778,-0.029987019144525475,-1.0353931413425261,0.8213870593118394,2.6730656855947776,2.788001362290969,1.0533671101195379,-0.06366583030497913,0.023034472996832728,0.01909955740873858,-0.02555301188828328,-0.07582804341369323,-0.007098642688229719,0.2508359301673555,0.056737883292033685,-0.018335258576945304,-0.0037943563285579795,15.740000000008614,0.246767304046638,-0.04179804566725978,0.0013002684384943051,0.5718062057289626,3.0842858682422905,2.436646955127074,1.810476105670893,2.6006271667037368e-5,0.008247121070600164,0.03594788089736711,0.047108332030679656,-0.021170913573320557
1.4685648519237284,-0.29168518378209557,1.3256462860320135,1.292077280619659,-0.030088973940893902,-1.0385994682772863,0.8312479764463353,2.6753841395734517,2.7866037656397036,1.070939952082426,-0.0669638200320713,0.02846412447446215,0.014329000135592195,-0.02532110637043836,-0.0756112479913811,-0.007292418556138511,0.25857253596401797,0.061457138333722953,-0.05183905900440443,0.0017594283508598377,15.780000000008663,0.24661450839055304,-0.041972227345519184,0.0013003852218389511,0.5732294917106628,3.0852549076080322,2.438274621963501,1.8096660375595093,-3.850193752441555e-5,0.0006891234079375863,0.022573649883270264,0.04901779443025589,-0.022114763036370277
1.4654464831792224,-0.29203642626113596,1.3269817167706839,1.2920728137418522,-0.030183636563360854,-1.0417958389018347,0.8412370604105822,2.677883715523482,2.7838809871685295,1.0885544145874906,-0.06953530839659743,0.03322876454576083,0.00979633415638776,-0.025117218260114284,-0.07539774904070616,-0.0075048871165637665,0.25761654804391465,0.0656165529751568,-0.08465553892756877,-0.0014212908036424009,15.820000000008712,0.24650113175925348,-0.04210902713543145,0.0013003852218389511,0.5721988081932068,3.0862855911254883,2.440803289413452,1.80850350856781,-7.733681559329852e-5,0.022751275449991226,0.016710393130779266,0.04072718322277069,-0.0213403832167387
1.4621951179086052,-0.2921965186420322,1.3284775057614164,1.2920697605948794,-0.030272807311341653,-1.0449829482777064,0.8509669503010702,2.6805395521269735,2.7798751036701996,1.1058317874138581,-0.07125431172188182,0.03699051698149295,0.005900934831012403,-0.02495753575330859,-0.075191479349562,-0.007737797052903618,0.2460161381867135,0.06907293345386825,-0.11610578785144005,-0.01499527435629398,15.86000000000876,0.2464278157043755,-0.04222131026599796,0.0013005571485565776,0.5722363378669997,3.086699745979887,2.4413623981707357,1.8084165120096387,6.426180125385264e-6,0.022599312245801372,0.017060882753368683,0.04881274409017349,-0.025220480203115847
1.4588612476589067,-0.2922025250542629,1.3300875793292422,1.2920670343976848,-0.030358728919636445,-1.0481618424837063,0.8599666438128651,2.683320546638667,2.774654645820421,1.1223227381142795,-0.0719744386563417,0.03941778673223911,0.003024496747731387,-0.024859235297189378,-0.07499544549643346,-0.00799208677341724,0.22143590272198907,0.07165949188084163,-0.14555660799047132,-0.04103871261680205,15.90000000000881,0.24628796147073595,-0.04233563920336682,0.0013003852218389511,0.5727261304855347,3.087723731994629,2.4438114166259766,1.8072811365127563,3.935443965019658e-5,0.020616069436073303,0.02408739924430847,0.047213755548000336,-0.023589057847857475
1.4555049897748527,-0.2921071471113871,1.3317548617777502,1.2920632874246563,-0.030444059419526614,-1.0513338744596696,0.8676683984081462,2.6861935798190095,2.768329606642402,1.1374897923561724,-0.07150093817052691,0.0402321201266559,0.0014505383430387245,-0.02483753655996215,-0.07481307774406364,-0.008266544466809083,0.1818427795573462,0.07378125766683845,-0.1703868022175548,-0.0816804766387352,15.940000000008858,0.24621630687993445,-0.042427415055137155,0.0013003852218389511,0.572989821434021,3.0888383388519287,2.4457528591156006,1.8063104152679443,-6.461109933297848e-6,0.01001516543328762,0.024134498089551926,0.0348043255507946,-0.019237419590353966
1.452200658564616,-0.2919674232344978,1.3334172557337758,1.2920573056610756,-0.030531451293728685,-1.0545009413739712,0.8735618038954087,2.6891596809862928,2.761227335732831,1.1508322864190286,-0.06940442933479966,0.03947398317729112,0.000982315308162848,-0.024890014888964918,-0.07466707556193607,-0.008548501812185956,0.13267880314791164,0.07595035955779143,-0.18439430137285892,-0.13231609325107796,15.980000000008907,0.24614224305774246,-0.042517692047603674,0.001300270556327297,0.5740909368521181,3.0898988975660413,2.4478260735078394,1.8055079452888703,-1.9895300510188e-5,0.004964608233422041,0.01630216711405094,0.03628829796669933,-0.018214794092711303
1.4490343394759542,-0.2918228879549028,1.3350224445198005,1.292048618897372,-0.030622786449531314,-1.0576656116480452,0.8774477806435812,2.6921809161930614,2.7537330729027727,1.162139898144946,-0.06544601918854628,0.03761953166852297,0.0010526398974503059,-0.02499246840667904,-0.07457607751793971,-0.008819747314241408,0.08272213801622008,0.07625458728412329,-0.19069337916562462,-0.18425249987897868,16.020000000008956,0.24599067680074185,-0.04262418390022448,0.001300079659030356,0.5743539669831381,3.0905120571339912,2.4489565477707362,1.8049628597732188,3.428520776369681e-5,0.004350843092670604,0.014808527038417243,0.036840026329162764,-0.01646469592206554
1.4460914272410086,-0.2916877912254556,1.3365391148704326,1.2920375988338,-0.03071871448522327,-1.0608304576467755,0.8794801091740034,2.6951653963371265,2.7460863134006037,1.171549614399527,-0.05954286537244413,0.03528076518332625,0.0010910737594689284,-0.02510804673682276,-0.07454768504159653,-0.009062925794946825,0.041138778291988906,0.07399994281353488,-0.19253919775570563,-0.22839580711380053,16.060000000009005,0.2459959202308796,-0.0426636004777702,0.00130020035430789,0.5746196508407593,3.0914030075073238,2.4505584239959717,1.8041892051696777,7.14282869012095e-5,0.0032006457913666964,0.010529822669923306,0.04258332401514053,-0.01671278104186058
1.4434532661220292,-0.2915544997415481,1.3379563255669924,1.2920253450457337,-0.030818596584616623,-1.0639977466273034,0.8801610019502643,2.6980121775551984,2.738428679216731,1.1795390641747068,-0.051672955400825386,0.032923382207971905,0.0007159764350289956,-0.025202479803442486,-0.0745859664092265,-0.009264629466327768,0.016468260068668698,0.06934554415247858,-0.19155499687468244,-0.25627796282302084,16.100000000009054,0.24588558080417242,-0.04275231118785428,0.0013003735605376773,0.5751361596711642,3.092244924160712,2.4522987722704594,1.8035043241775612,3.9260820440362116e-6,0.0030832555963441538,0.015588515229807885,0.029245055181378387,-0.01403182172087372
1.4411943944558545,-0.29140630745443935,1.3392740023569742,1.2920132792924859,-0.03092098781548346,-1.0671693844098975,0.8802205076578102,2.7006402405460146,2.730871338698225,1.1868103041184794,-0.042130204162411776,0.030599300129732648,-5.124644534525254e-5,-0.025268992138700902,-0.07468044773591849,-0.009422258558854467,0.008596162239134722,0.0631689805109868,-0.1874606220370571,-0.2680738734401242,16.140000000009103,0.24583246496698288,-0.04282749908944375,0.0013003852218389511,0.5751709342002869,3.092301607131958,2.452415943145752,1.8034582138061523,-6.185786673995608e-7,0.003075352171435952,0.015929097309708595,0.028347041457891464,-0.013851323164999485
1.4393713670661505,-0.2912339604796919,1.3404852512868308,1.2920021802339507,-0.03102518396721118,-1.0703466041071663,0.8800637187221723,2.7030084270071537,2.7235729433403906,1.1937390472065035,-0.03148571641255319,0.027987496044115264,-0.000994564721481304,-0.025336361910198058,-0.07480359622613261,-0.009542749642684164,0.00459450057011611,0.056312204833111126,-0.1785460825967439,-0.2768493636397484,16.18000000000915,0.2457825576048623,-0.04291159767230525,0.001300755306147039,0.5751709342002869,3.093524217605591,2.4548487663269043,1.8025712966918945,-1.5324189007515088e-5,-0.002123833168298006,0.013257532380521297,0.028370818123221397,-0.009076450020074844
1.4380274479464348,-0.2910351678190515,1.3415739475663195,1.2919921869586113,-0.031131426335721694,-1.0735302118061985,0.8797178967108732,2.705089749256594,2.716741352826768,1.2003179109354312,-0.019974289824606493,0.024950007183397748,-0.002034256557982688,-0.025417627810761765,-0.0749466903615236,-0.009626975297022538,-0.0007493336680101128,0.04872487098447752,-0.1642144834689676,-0.2878462495186353,16.2200000000092,0.24570178062427736,-0.04301278781222215,0.0013000152539461851,0.5757461786270142,3.093787670135498,2.4558074474334717,1.80216383934021,-6.632466102018952e-5,0.01237803790718317,0.005813236348330975,0.027140894904732704,-0.011335049755871296
1.4371998230704457,-0.2908102354432869,1.342521700172987,1.2919832575233912,-0.031240235634568635,-1.076720934742774,0.8791079869652351,2.706850761793068,2.7105913264135264,1.206438380988992,-0.007727779276417837,0.021480974273828297,-0.003122069719517501,-0.02551499188230566,-0.07510903156976388,-0.009672857202152255,-0.00804956779501532,0.040209867453302316,-0.14460529178821954,-0.3015710840571962,16.26000000000925,0.24560449300378104,-0.04314467589471999,0.0013002213620128614,0.5758530009747344,3.0940481346973625,2.456528539787557,1.8019101487164666,-1.9057318815713193e-5,0.008598117915843818,0.004213807528657452,0.024912205964822833,-0.009021547800506641
1.4369199187768533,-0.29056106618057176,1.3433115256840722,1.2919753442266906,-0.03135211579545186,-1.0799195020879455,0.8781758003255096,2.7082517681340037,2.705326909750058,1.212014352618034,0.0051084317793115485,0.017631406478617797,-0.004212720711005714,-0.025626330202906732,-0.07529188011082828,-0.009677589300688587,-0.016139831561577205,0.030669993007003443,-0.1200455177895712,-0.3166905200559208,16.300000000009298,0.24556360755232143,-0.043230906466398863,0.0013003852218389511,0.5759379267692566,3.094255208969116,2.457101821899414,1.801708459854126,1.8521115634939633e-5,0.0055930097587406635,0.0029422312509268522,0.023140355944633484,-0.00718226982280612
1.4372111367473077,-0.2902904719626034,1.3439296714623294,1.291968452304704,-0.031467436979335454,-1.0831266412610738,0.8769274877556574,2.7092520070435033,2.7011397631103047,1.2170307557431876,0.018313128553481318,0.013495342295422912,-0.00528064373502038,-0.025747367116033162,-0.07549629873149577,-0.009638532442980985,-0.023098163381353648,0.02015922352185831,-0.09079895451106253,-0.3311197803368853,16.340000000009347,0.24550350152813719,-0.04331540257188465,0.0013003852218389511,0.5762255191802979,3.0950939655303955,2.458815574645996,1.8009295463562012,-0.00010868551180465147,0.0033266630489379168,0.012246271595358849,0.013967742212116718,-0.00794196967035532
1.4380842383818044,-0.2900003910938138,1.3443676516210632,1.2919626664153958,-0.03158635795757313,-1.086343035699794,0.8754597061384171,2.7098157103296456,2.698212580230081,1.2215686741128728,0.03154649106755086,0.009237468181542698,-0.0063534866177686385,-0.025871193792166354,-0.07572265109533814,-0.009553683911465657,-0.026351213424258987,0.008885487345361723,-0.05701691638440448,-0.34217023926563855,16.380000000009396,0.24544869726697063,-0.04340731003103234,0.0013003852218389511,0.5762942854897619,3.0956784278682177,2.4595649940583355,1.8005994954268392,1.0033467352686767e-5,0.005980113102469224,0.00913061236508228,0.015495065005621879,-0.009499546562467308
1.4395305166620838,-0.2896888299296296,1.3446254905246517,1.291958157058387,-0.03170874832608834,-1.0895692462906776,0.8739726298881585,2.709913775736719,2.6967078675177367,1.225817213441178,0.0442721894092153,0.005097512227660545,-0.0075124943609779365,-0.02599040819842273,-0.07596680989947496,-0.009423517970456888,-0.02439818101110168,-0.0033293474622684387,-0.02060043602855288,-0.3481101719587279,16.420000000009445,0.2454004946465712,-0.04351920237500539,0.0013003852218389511,0.5763710641778914,3.0963096511426738,2.4602888117046495,1.8002943221919452,6.240683308891628e-5,0.003641854035480886,0.010076033099708438,0.017454213286475735,-0.005227802442202264
1.4415123369264533,-0.28935295895978985,1.3447101397022867,1.2919548572266577,-0.03183456376668123,-1.0928052948089797,0.8725489445231237,2.709490848916885,2.6966048818370343,1.2298697094937912,0.05575078816336113,0.001143606277499628,-0.008622599230125236,-0.026109855616742273,-0.0762041975528352,-0.00925696850124452,-0.024132841703365982,-0.017073370957185512,0.012635790816933595,-0.35505015327178036,16.460000000009494,0.2452793568622816,-0.04366357008252059,0.0013003852218389511,0.5764652490615845,3.0969157218933105,2.460972785949707,1.8001625537872314,4.076314326084685e-6,0.0001749731891322881,0.007325705606490374,0.019484879449009895,-0.00827017892152071
1.4439689118610377,-0.2889977046066715,1.3446296296965876,1.2919522468937197,-0.03196408176182613,-1.0960504736884518,0.8710256234973573,2.7085076709306777,2.6977741693001986,1.233593033076985,0.06563449793639609,-0.002670281286496221,-0.00947340192919743,-0.02623287463470232,-0.07642005547999242,-0.009063478681757619,-0.029311035094062753,-0.03127429587691736,0.04310257307076058,-0.36657914420544857,16.500000000009543,0.24526694677962543,-0.04378330656721248,0.0013005690076268088,0.5767270081083288,3.097558194471076,2.462007985869592,1.7999007355591516,0.0001064021554488932,0.009802097169359068,0.014972087187296505,0.007499338072239652,-0.010317549824129819
1.446832399767756,-0.28863517127560717,1.344390389749012,1.2919496145659917,-0.0320976738203858,-1.0993038624180675,0.8691789136715423,2.7069578446571723,2.7001266158480237,1.2367971896620578,0.07384255194480999,-0.006409510324232475,-0.009912240363605385,-0.026361184472232485,-0.07661172264405984,-0.0088500397493264,-0.03989131455165314,-0.04540026093478166,0.07182976666737366,-0.3825863071916146,16.54000000000959,0.24521074240346946,-0.04392194429144779,0.001300570322200656,0.576728880405426,3.097562789916992,2.462015390396118,1.7998988628387451,0.00010713406663853675,0.00987095758318901,0.015026779845356941,0.0074136084876954556,-0.010332194156944752
1.4500338668832535,-0.2882831840842535,1.3439970681737465,1.2919462024735344,-0.03223569263285019,-1.1025645533753774,0.8668160528677102,2.7048502923980564,2.7036045924725722,1.2393274307338076,0.08035618301657552,-0.010123974326979689,-0.009807552961713446,-0.02649555298258292,-0.07677893954306159,-0.00862268858428763,-0.05472108309531017,-0.05916859567870182,0.09934806541768951,-0.40181637429687483,16.58000000000964,0.24515051061909396,-0.04406941352348184,0.001300570322200656,0.5770164728164673,3.0980422496795654,2.4624946117401123,1.7996830940246582,1.8590591935208067e-5,0.009150030091404915,0.011261497624218464,0.009561555460095406,0.004801835864782333
1.4535042469938313,-0.28796465359986,1.3434529306779268,1.2919412409211566,-0.03237844243471045,-1.1058316594560766,0.8637920569816238,2.7022037942226245,2.7081637637809095,1.2410827999125287,0.08516386820938374,-0.01385149167775399,-0.009040606913905215,-0.026636763152446258,-0.07692070875197633,-0.008387239704081012,-0.07267229740935446,-0.07235320381500918,0.12582688931402708,-0.4229978410579258,16.62000000000969,0.2451066487834784,-0.044208471566711635,0.0013003852218389511,0.5771602988243103,3.0982818603515625,2.4629859924316406,1.7994434833526611,4.927084228256717e-5,0.012762107886373997,0.006930982228368521,0.012290689162909985,-0.009283003397285938
1.4571744895899268,-0.2877069422212643,1.3427601057763803,1.2919339522935191,-0.032526181912804784,-1.1091042771036523,0.8600028798376353,2.699045768762731,2.71376254722766,1.2420088017742854,0.08826062145115482,-0.017620087309643533,-0.007512311367558683,-0.02678580337856535,-0.07703510353335084,-0.008149368407661917,-0.09283835989766824,-0.08474703552345571,0.15125400390112173,-0.44510406545293474,16.660000000009738,0.2450249944671297,-0.04433137706941868,0.0013003864813998871,0.5772083025088418,3.0983421115713,2.4629870124168756,1.7993473534555389,2.9576775614465912e-5,-0.004092389316167063,0.0022995584171592075,0.008669905889620175,-0.004908668747672042
1.4609759003693334,-0.2875408517610005,1.3419198452550383,1.291923558205089,-0.03267912321999928,-1.1123814569051487,0.8553780158267689,2.695411352875633,2.720356449403163,1.2420887929913773,0.08965478207595881,-0.021444006425256838,-0.005153862390462815,-0.026943510373788823,-0.0771197235188726,-0.007914486354396727,-0.11443892874185042,-0.09617138458987293,0.17550409105921685,-0.4672691184244327,16.700000000009787,0.24501532321575611,-0.04443368289286734,0.001300755306147039,0.5772321820259094,3.098461627960205,2.4632856845855713,1.7992637157440186,5.944882286712527e-5,-0.010209837928414345,0.008344597183167934,-3.4842287277569994e-5,-0.005162952933460474
1.4648406690384497,-0.28749916499767375,1.3409330141186304,1.2919092979975277,-0.03283741313445436,-1.1156621862784406,0.8498780750297298,2.6913420839192077,2.727893999505368,1.2413398093423416,0.08937366974746254,-0.025316414271439627,-0.0019372467610995875,-0.027109976825362342,-0.07717216081271902,-0.007687561452007769,-0.13668697336074923,-0.10648431400313832,0.19835766081119685,-0.488666451292151,16.740000000009836,0.24498136110905955,-0.0445334124001304,0.001300426317507697,0.5773174363426754,3.0985682355955895,2.4637330975444103,1.7991145074432024,1.610204792011518e-5,-0.010209837928414345,0.004249443258515225,0.006216897362524845,0.007364907545779125
1.4687025585038462,-0.28761474187748376,1.3398009208526207,1.291890460847079,-0.03300109187652956,-1.1189453822203306,0.8434976326191336,2.686884340772951,2.7363130954642267,1.2398132312732868,0.08747240973940301,-0.029200042817454634,0.0021140131861857813,-0.027283780867587357,-0.07719053158725293,-0.0074728615166890925,-0.1586474059886128,-0.115585690036967,0.21950407276233783,-0.5083764517752352,16.780000000009885,0.24496556125146296,-0.04460932951514171,0.0013002771045904683,0.5773561125045819,3.0986795759058707,2.4641324166969936,1.799025802551259,-8.762276897494012e-6,-0.005347221921204508,0.001251282556972584,0.006140979359307606,0.0023874816542319805
1.472498036137194,-0.2879181234854637,1.3385266353661631,1.291866439698903,-0.03317002031240225,-1.1222298983991126,0.8362744480359625,2.6820875401225233,2.7455372784162106,1.2376014355555751,0.0840534266442427,-0.033014472412994995,0.0069124930948617795,-0.027460956329002008,-0.07717423287828512,-0.007273509079568858,-0.1790940116732941,-0.12342308438135709,0.23853918777853989,-0.5252536132802864,16.820000000009934,0.24496539502071552,-0.04466962036808216,0.0013002752413119895,0.5773857142949186,3.098787985811266,2.4644878573147206,1.7989517739304888,-5.337765673284405e-7,-0.003383904319547346,0.0030533645244145697,0.006521460191530317,-0.001282653291464435
1.4761678875754731,-0.2884346596461548,1.3371166460208384,1.2918368006995462,-0.033343787059754056,-1.1255145416373762,0.8282996470429008,2.677002437558654,2.7554727459393886,1.234844998855809,0.07927168460764816,-0.03663651759438083,0.01229697305003047,-0.02763474272555142,-0.07712403934628824,-0.007091352212275157,-0.19660351758398467,-0.1299785965420405,0.2550106496329916,-0.5380381152828572,16.860000000009983,0.24492085268101893,-0.04475128812247395,0.00130020035430789,0.5774479508399963,3.0989649295806885,2.4649035930633545,1.798928141593933,-7.346508027694654e-6,-0.005570027977228165,0.000541220826562494,0.008487421087920666,0.003936649765819311
1.4796589173312304,-0.28918140259483666,1.3355823566123122,1.2918013459615842,-0.03352161990439539,-1.128798088108592,0.8197254366604985,2.671680308910961,2.7660077318512086,1.2317366290593779,0.07333924299551513,-0.03990542292805522,0.018029059267266414,-0.027795336163284706,-0.07704227582891146,-0.006926990745846114,-0.20952490844597377,-0.13523782672252938,0.26848239167717575,-0.5453341331845892,16.90000000001003,0.2448915968426376,-0.044829740515821795,0.00130020035430789,0.577565507246801,3.0990943001139484,2.4652444481573137,1.7989046303125722,-1.1281242441860407e-6,-0.0002356546124554046,0.002481739815901767,0.0006349132437050269,0.004350364427238688
1.482926017911656,-0.2901640580488757,1.3339414098186837,1.2917601723799952,-0.033702295929424635,-1.1320793081719778,0.8107740938708446,2.6661727692731803,2.777013294561945,1.2285263566661861,0.06653395258091903,-0.042631791820654685,0.023797694292214344,-0.02792997659020208,-0.07693319398924606,-0.00677972103839512,-0.21599507691532374,-0.13920926184116594,0.27852342654177825,-0.5456172237550717,16.94000000001008,0.24489648602631808,-0.044901455756797715,0.0013002618878535568,0.5775837071589965,3.0991166939441523,2.465282950257233,1.7989081484329528,2.8391068695481642e-5,-0.0006299794741576123,0.0019652530038455993,-0.0011763158308861887,0.004103836369324738
1.4859343801264528,-0.2913744374343423,1.3322185357409098,1.2917137198056081,-0.03388407561090976,-1.1353570036532659,0.8017433903214801,2.6605306539600884,2.7883441624140914,1.225523748224801,0.05919109094868963,-0.044614168302803486,0.02924057306479765,-0.02802373836784742,-0.07680293104248502,-0.00664761088122813,-0.21409624095289476,-0.14191780265023982,0.2847633619835296,-0.537373831643602,16.98000000001013,0.2448785273846611,-0.044980755562207764,0.0013003852218389511,0.5776156783103943,3.099156618118286,2.4653470516204834,1.7989161014556885,8.731905109016225e-5,-0.001624882104806602,0.0008556314278393984,-0.004505531396716833,0.0035938473884016275
1.488661118324064,-0.29278933119994166,1.3304456941298937,1.2916627875438766,-0.03406468571940135,-1.1386300419767834,0.793002570050125,2.654804440756629,2.7998432511863864,1.223091785003017,0.0516729329118321,-0.04566342159264976,0.03399161880394201,-0.02806114642029356,-0.07665875488359697,-0.0065280281849001845,-0.20217746184324342,-0.1433511655637767,0.286997538094757,-0.5193841655058917,17.020000000010178,0.2448243881326025,-0.045066285029606676,0.0013003852218389511,0.5777115821838379,3.099252462387085,2.4655027389526367,1.798928141593933,-4.337723657954484e-5,0.008172864094376564,0.005894701462239027,-0.002264844486489892,0.003927767742425203
1.491095351105015,-0.2943718763996246,1.328661147396816,1.2916084903077045,-0.03424138872104673,-1.1418973719821475,0.784971107469897,2.64904692232785,2.811350559429285,1.2216257128042025,0.04430585081473531,-0.045637861156800755,0.03775513682994362,-0.028029099881235916,-0.07650740357463946,-0.006418693508249176,-0.1794049695059085,-0.14339958817995463,0.28530576136107344,-0.491207926459447,17.060000000010227,0.24480388145764215,-0.045132359860443595,0.0013003438228933104,0.5777330453994237,3.099276648547932,2.465516140114607,1.798928141593933,-5.7428871010457566e-5,0.0078013624697316365,0.003123902357135924,-0.001884222801862645,0.0025504315991221943
1.493235514232737,-0.29607636602736054,1.326907099708097,1.2915521236612346,-0.034411183884353665,-1.1451580031951532,0.7780712906510048,2.6433182381947815,2.822716909972319,1.221508942699084,0.03728491411695063,-0.04448590351874343,0.04039674550826168,-0.027921083695817975,-0.07635245874803298,-0.006319232400299995,-0.1465202428281813,-0.14180256422288606,0.2801707643842439,-0.45385990689080596,17.100000000010276,0.2447706233222277,-0.045223178291356816,0.00130020035430789,0.5778074264526367,3.099360466003418,2.465562582015991,1.798928141593933,-0.00010612499318085612,0.006513918749988079,-0.006478338036686182,-0.0005651733954437077,-0.0022227447479963303
1.4950831937411662,-0.2978565345808211,1.3252257742952112,1.2914949270331655,-0.03457116613057243,-1.1484109390294905,0.7726511813321624,2.6376920070535856,2.833821225978195,1.2230429673215475,0.030577349762268762,-0.042283989487211196,0.042014371038186,-0.027741647552676302,-0.07619161366484864,-0.006232744567587077,-0.10652251884876668,-0.13815740609206945,0.27251881973987213,-0.41041695414281093,17.140000000010325,0.24474744649739333,-0.045291666362867106,0.00130020035430789,0.5778274693651644,3.099410399214777,2.4656127141644477,1.7989481347721865,-5.9143348901214004e-5,0.0014091076260527437,-0.005583775416511172,-0.0003073913267659632,-0.0010116309031419654
1.496634520193923,-0.2996752876966884,1.3236544125730312,1.2914377839598046,-0.03471900128548702,-1.1516550848927156,0.7688921319833582,2.632258716563155,2.844585912337333,1.2263642415650964,0.023883436852991977,-0.03924871390188047,0.04292806718058189,-0.02750885143593593,-0.07601551901418353,-0.006166479200741843,-0.0647188765605307,-0.13205274088160138,0.2635668878152992,-0.36604910229918275,17.180000000010374,0.2447225274281602,-0.04535413567123696,0.0013000934795103275,0.577955995114983,3.0994618824219886,2.4656434501755324,1.7989174811418058,-1.0394602517012525e-5,0.00039599588490091264,-0.003577045927603626,0.003155208327523071,-0.0005663355276194764
1.497872369595109,-0.3015114167192445,1.3222205387875408,1.2913809674159333,-0.03485336783498954,-1.154889189229337,0.7667423857018346,2.627120690135551,2.854980281982929,1.2313862734732666,0.016745386520870244,-0.03568247306609696,0.0435374816130367,-0.027250141014121168,-0.07581167707401723,-0.006130110372067976,-0.027022346428575036,-0.1233727793155063,0.254312564064634,-0.3263678515548178,17.220000000010423,0.24469565601313664,-0.04541676496623991,0.001300093890480512,0.578118437632159,3.099507605937389,2.4656637290940076,1.7988972554230336,2.5677086591633835e-6,0.003795403473079216,-6.740432979140845e-5,0.0026488266121223263,-0.0010573727348410493
1.4987664119542696,-0.3033583420357676,1.320941423343687,1.291324178229528,-0.03497398955094075,-1.158111970034115,0.7659650564463965,2.6223736197273486,2.864996167164289,1.2378511164105752,0.008851870947531742,-0.03181294011159043,0.0441042917794688,-0.026988724402185093,-0.07557465631865391,-0.006130540545301495,0.003406027943952691,-0.11257766310155645,0.24479858833216084,-0.29423902876620905,17.26000000001047,0.24467900659586617,-0.04548388136716596,0.00130020035430789,0.5782591181760424,3.0995797400238807,2.465707361309061,1.7988967814363939,2.5924148799302962e-5,0.009323850356050087,0.0033461477293129597,0.0018043732882940557,0.00010823040279385942
1.4992825973014567,-0.30521330620903847,1.3198294305413252,1.2912669281173383,-0.03508116578975825,-1.1613223615189108,0.7662820841835708,2.6180829693919923,2.874605874073115,1.2454683550843417,0.00030305853074178216,-0.027640101922644097,0.044511845646652226,-0.026729877812486254,-0.07531256820700019,-0.006166762006959261,0.028212522848449117,-0.10073370806045166,0.23392066653514645,-0.2678844672259568,17.30000000001052,0.24464157158351263,-0.04555021641124821,0.0013003722225613306,0.5782645504069153,3.0996789370422038,2.4658084508218954,1.798903333903756,-4.839233808376886e-5,0.013896303348635168,0.0006515619381904974,0.000734061828572274,-0.0020166621065409486
1.4993969971852492,-0.3070629726846011,1.3189011799962573,1.291209118002013,-0.03517491179642781,-1.1645197797794768,0.7675848543039272,2.6142687808804586,2.8837221523956655,1.2541164824065087,-0.008524883201027523,-0.022978668297474168,0.04445232247590167,-0.026460312427105247,-0.07504303198321625,-0.0062321272005692084,0.052908183229332925,-0.08883830745116651,0.22013042379641948,-0.24194208123521876,17.34000000001057,0.24460265927201102,-0.04561400659090538,0.0013003852218389511,0.5782703145732428,3.099706384164741,2.465844148155032,1.7989116295566108,-5.51460606138616e-5,0.007843569496890463,-0.0001456305245370556,-0.0010703319462971152,-0.0018437011962431226
1.4990960507706248,-0.30888345460683014,1.318178594268117,1.2911510441767156,-0.03525484959313433,-1.1677039718726068,0.7699145168977022,2.6109255516081626,2.892220105477613,1.263818159560801,-0.017397659465993108,-0.017743444572320747,0.04373414580255043,-0.026173826852068663,-0.07477307528354747,-0.006322812157681416,0.07926977452524385,-0.07723885348305504,0.2031310515966043,-0.21478679050347121,17.380000000010618,0.24456316315992163,-0.04567759056222369,0.0013003852218389511,0.5782868266105652,3.0997560024261475,2.4659101963043213,1.798928141593933,-5.293789581628516e-5,-0.006242560222744942,-0.001411065342836082,-0.0045518288388848305,-0.0008902015979401767
1.4983750043460897,-0.3106441256128762,1.3176847137031458,1.2910931749469654,-0.035320558987661,-1.1708748126462991,0.7733387526428068,2.6080364955185833,2.899975442300121,1.274617541754271,-0.026070987530888046,-0.011936151381127868,0.042221010951753464,-0.025869359837457376,-0.0745059291301472,-0.006435617103708685,0.10723518921484201,-0.0661918833220494,0.18315235067504504,-0.18659582717347042,17.420000000010667,0.24452640475430712,-0.0457420341608794,0.0013003852218389511,0.578302615971519,3.0997795686365266,2.465918051707781,1.7989360755514272,3.859753341066863e-5,-0.003020355959859221,0.003161818700656223,0.00022292672273916455,0.0003471506780688434
1.4972392453820795,-0.31230956777444807,1.3174409096278983,1.2910360678896862,-0.035371726690619894,-1.1740322615028922,0.7779074068243631,2.605575755068166,2.906878516906247,1.28653749967257,-0.03431216680939372,-0.005608914328899221,0.03982121458454661,-0.025547868978396178,-0.07424325504771151,-0.0065674587071621665,0.1360534532896033,-0.05588792395431495,0.1606817798064537,-0.1581936132209866,17.460000000010716,0.24452558607045305,-0.04578187801554075,0.0013003852218389511,0.5783152547706346,3.0998006993987524,2.4659333183019645,1.7989379370735716,7.512256936786667e-5,0.0003298390938141348,0.003821552619405167,0.003141573973183941,0.0009991819162515196
1.49570371132925,-0.31384170884155993,1.3174650512445336,1.2909803009909706,-0.03540822486217009,-1.1771763360226577,0.783631237774659,2.603511154083674,2.912842711223184,1.2995605086390063,-0.041928801297212354,0.0011435263752353159,0.03650279120530759,-0.025212066484285884,-0.07398569048412983,-0.006715709928264601,0.1645660507640072,-0.046456122666703736,0.1363711279798027,-0.13075266771174157,17.500000000010765,0.2445087345584257,-0.045836552390819144,0.0013003852218389511,0.5783347487449646,3.099839687347412,2.46598219871521,1.798928141593933,2.777996451186482e-5,0.007672369014471769,-0.0036273724399507046,0.005094404332339764,0.0010500024072825909
1.493791671596946,-0.3152027364992606,1.3177696731215796,1.2909263983647323,-0.03543017968882443,-1.1803071110212173,0.7904682389577552,2.6018064344309377,2.9178100122410973,1.313617788561597,-0.04878058210665741,0.008176446080898628,0.032313773192805297,-0.02486692012553783,-0.07373332580954962,-0.0068785697941287525,0.19131966624720828,-0.03797431512795891,0.11099164944712343,-0.10566738810624043,17.540000000010814,0.2444979198266077,-0.04589411953768438,0.0013003852218389511,0.5783755385479549,3.0999009735190692,2.466012638866695,1.7988974985081048,-6.683080482285985e-5,0.005758829351645714,-0.00031389719609344925,0.002565829732232493,0.006466009681373624
1.4915332508666381,-0.31635881592096576,1.3183598544842983,1.2908747457855674,-0.03543804453600667,-1.1834247438674639,0.798313299034239,2.600422929912976,2.921754910492527,1.3285821834225928,-0.054785213188727214,0.015287345538939665,0.027397539304660084,-0.02452030114397548,-0.07348612350374341,-0.007055401117568941,0.2146323508075828,-0.030487498862057576,0.08538850879597258,-0.0844810438388844,17.580000000010862,0.24450036519269241,-0.04592635724779756,0.0013002628484965718,0.5783668098146147,3.099911689758301,2.4660339014775943,1.7989239414287574,-3.582066146977105e-5,-0.00033624578549955905,0.0033912056652257642,0.0018990711924865872,0.0017384621155723565
1.4889638192824404,-0.31728428435833617,1.3192311780894839,1.2908255058987312,-0.03543267402594447,-1.1865295211376514,0.8069906448505038,2.599320686025848,2.9246863715419256,1.3442639859671734,-0.05991712629364902,0.022222181745170565,0.02199779084727075,-0.02418326191659175,-0.07324426114811816,-0.007246778177351798,0.2326712121862433,-0.024016152676978444,0.060430871360904755,-0.06880758799241678,17.62000000001091,0.2444778618395669,-0.0459483165389131,0.00130020035430789,0.5783587098121643,3.099911689758301,2.4660420417785645,1.7989401817321777,-1.1535879821167327e-5,-0.0032780354376882315,0.004987464286386967,0.0017843598034232855,-0.0011594524839892983
1.4861225178323163,-0.317965742260919,1.3203681966876215,1.2907785480310583,-0.03541538499274785,-1.1896219196833424,0.8162504693203255,2.5984590998775943,2.926647390416226,1.360410704254421,-0.06419327009966853,0.0286889985656876,0.016446436589290177,-0.023869776460605473,-0.07300853421534899,-0.007454303762130826,0.24358355848578161,-0.01857363595455918,0.03693880033808746,-0.06021264069424444,17.66000000001096,0.24447615064936085,-0.04596723130208441,0.0013000152539461851,0.578382670879364,3.0999116897583003,2.4660420417785645,1.7989161014556885,1.7632704839343205e-5,-0.0068810367956757545,0.0041377185843884945,0.0032481492962688208,0.002833401085808873
1.4830512477476288,-0.31840524575983875,1.3217437445116051,1.2907334079644452,-0.03538798519531794,-1.1927026721190523,0.8257718858932143,2.5977967923920744,2.9277112691293814,1.3767123407704922,-0.06765015927634492,0.0343832605166995,0.01113133951338105,-0.02359571484953874,-0.07278066302587594,-0.0076801183849323305,0.24567767533841706,-0.014185362974562828,0.015595161128979164,-0.06005946484514428,17.70000000001101,0.24448388763673523,-0.04600187322570311,0.00130004169117027,0.5783843873523246,3.0999116897583003,2.4660463180536323,1.7989152496080654,1.5876050169424017e-5,-0.006328915331680011,0.004195072519870112,0.0027090557477434155,0.0024459780582355398
1.4797942123795242,-0.3186217477193464,1.3233195071176111,1.2906892927411089,-0.03535274961737412,-1.1957728181266163,0.8351737975597172,2.5972908116165594,2.9279743917540317,1.3928131448777314,-0.07031815108070481,0.03902430790265784,0.0064450897590575635,-0.023377006936100682,-0.07256335626329691,-0.00792613256715615,0.23763510873952318,-0.010902440015504642,-0.003138605116193217,-0.06933865152534038,17.740000000011058,0.24448891198883788,-0.04603437764678475,0.0013003852218389511,0.5784066915512085,3.099911689758301,2.466101884841919,1.7989041805267334,-6.950278020667611e-6,0.0008454633061774075,0.004940341226756573,-0.004296035505831242,-0.0025882755871862173
1.4763979185350258,-0.3186500776609749,1.3250481210971272,1.2906451399654173,-0.03531232844665213,-1.1988337200937893,0.8440344340025172,2.5968954985515333,2.927546084977446,1.4083300074662073,-0.07219872625632126,0.042398276708461385,0.0027210962375064773,-0.023227148291680627,-0.07236006929822529,-0.008193096282062714,0.21873216164233814,-0.008804642009717548,-0.019081234834817884,-0.08850090888017334,17.780000000011107,0.24450689174263812,-0.04605518808247997,0.001300570322200656,0.5784306526184082,3.0999557292385944,2.466122277777857,1.7989002590460865,-3.007672947867258e-6,-0.0032148809526621213,0.002823065198597683,-0.005233458778192334,0.00341140109560765
1.4729114469111502,-0.31853711242166854,1.3268768247338523,1.290599732715292,-0.03526957905611149,-1.2018870258623982,0.8519194889441692,2.5965615128156707,2.926536968725424,1.4228770525238126,-0.07324818698373464,0.04440032593416666,0.0001680444929039682,-0.023154369164286533,-0.07217454311371664,-0.008479664673236015,0.18905400433622765,-0.007989720322666087,-0.03234659913012078,-0.1173022549294985,17.820000000011156,0.24453888196187046,-0.04606881234907917,0.001300570322200656,0.5784306526184082,3.0999596118927,2.4661378860473633,1.7989041805267334,2.3066897483658977e-5,-0.004498453810811043,0.00417729839682579,-0.006350943353027105,0.0034271234180778265
1.4693868449441498,-0.31833531896994766,1.3287523920883113,1.290551862826343,-0.03522732397326556,-1.2049345738902983,0.8584184977358479,2.5962355698349935,2.9250477657316254,1.436096056431439,-0.07336708997849165,0.04506821449121237,-0.0011834287559956969,-0.023158873026357458,-0.07201040171448336,-0.008781616043017833,0.14970497283168194,-0.008549188937111067,-0.04330500027337621,-0.15464712782984497,17.860000000011205,0.24455940843762197,-0.04610324806378612,0.001300247811529362,0.5784107896569992,3.099937808893392,2.466090983342265,1.7988941894413841,7.954764068959325e-5,-0.00420317031408089,-0.000891359093924977,-0.004813429912396177,0.0004529749040501777
1.4658796818635107,-0.31809445477392617,1.3306268291507135,1.2905005297609706,-0.03518804478967099,-1.2079782558630547,0.8631898523419319,2.5958613797112102,2.9231607748560586,1.4476935439878078,-0.07239097941337438,0.044599975404280956,-0.0015077125312235864,-0.0232305435132344,-0.07187126042560925,-0.009091333203024054,0.10304978371851442,-0.010533198205751357,-0.05248767484825965,-0.19838255547292188,17.900000000011254,0.2445734838565504,-0.0461416743194037,0.0013007545438083808,0.5784545478548582,3.099959579141083,2.4661018684661107,1.7989160685403136,4.257427525884752e-5,0.00584273854615007,0.004386479865436421,-0.0012095777946228967,-0.004116080544861315
1.4624500503482167,-0.31785280142150557,1.3324631187106866,1.2904451602827023,-0.0351535270908541,-1.211019875416405,0.8660167733858093,2.59538218389839,2.9209363874489194,1.4574877725691011,-0.07007794725007935,0.04334879633617868,-0.0011712800947223001,-0.023347499718405437,-0.07176187341924267,-0.009397615133492075,0.05304602585854441,-0.013904502380463675,-0.06042293355737594,-0.24497149156359418,17.940000000011302,0.24459581509602948,-0.04615823251320156,0.0013003852218389511,0.5784546136856079,3.09993577003479,2.466101884841919,1.7988802194595337,7.485257083317265e-5,-0.001875452697277069,0.006671406328678131,0.004301825072616339,0.002244143281131983
1.4591644152245,-0.31762994014799034,1.3342399947131085,1.290385841987407,-0.0351244636305073,-1.2140610714210887,0.8668833623235259,2.594745827682083,2.918420011957818,1.4654752365908201,-0.06607783792044974,0.041789388792325965,-0.000668957704119506,-0.023473876970113425,-0.07169268474382506,-0.009685245113555166,0.006451284063485277,-0.018463251620642954,-0.06724247117585044,-0.2882350317763585,17.98000000001135,0.24461585485341159,-0.04617319822503006,0.0013003852218389511,0.5784546136856079,3.09993577003479,2.466101884841919,1.7989401817321777,-7.179110980359837e-5,0.0071238502860069275,-0.002105540595948696,-0.004873523022979498,0.001412434154190123
1.4561016008078107,-0.3174244940902548,1.3359564999803573,1.2903237401091476,-0.03509969593025529,-1.2171035719156684,0.8661907718818952,2.593912967387906,2.9156662166256715,1.4720346499525796,-0.0598691415409445,0.04046091102990473,-0.0003625864763742497,-0.023555049463570024,-0.07169221798792169,-0.0099351991735386,-0.023406505498639874,-0.02365801091081123,-0.07222585321637191,-0.3157880632101014,18.0200000000114,0.2446197990782689,-0.0462022880594549,0.0013003852218389511,0.5784397439713765,3.09993577003479,2.466116828534828,1.7989252380392686,-5.101970636707867e-5,0.007557472260035915,0.002918442439736562,-0.002045006869049662,0.00038803131907965023
1.4533418179998772,-0.31723208592463287,1.3376210857765156,1.2902605054074345,-0.03507699133204893,-1.2201491193737959,0.8645992994774307,2.59288379333346,2.9127899651746643,1.4777877293587949,-0.05185338241833378,0.03921732419893708,-2.4590693245982663e-5,-0.02360003943983075,-0.07174677554788347,-0.010148509765229978,-0.03991985725188531,-0.02822859481089367,-0.0731925937417439,-0.3309528467636553,18.06000000001145,0.24462890688642136,-0.046225111617532684,0.0013003301516739492,0.5784449281368482,3.09993577003479,2.4661187918479484,1.7989161014556885,-3.8320056773955e-5,0.00782258901745081,0.0059901089407503605,-0.00031565024983137846,-0.00023828924167901278
1.4509475746483524,-0.31705869697059214,1.339231984626523,1.2901970749788096,-0.035055119310310225,-1.2231989568617234,0.8624907008026665,2.591691013569739,2.9099770907598326,1.4830878688868323,-0.04249656233898636,0.037797168319047406,0.0004915549695019092,-0.023633263937454078,-0.07183766225847958,-0.010328582806614528,-0.049895800600123684,-0.03193342373076448,-0.0691084065283575,-0.34024352205266883,18.100000000011498,0.24463596683674904,-0.04624730998462525,0.0013003852218389513,0.5784785747528076,3.1000194549560547,2.4661259651184086,1.7989401817321777,0.00012642622459679842,-0.007649433333426715,-0.00386627996340394,0.004222560208290815,0.0020764819346368313
1.4489695103430005,-0.316913584318966,1.3407805560817492,1.2901339483419514,-0.03503355533214274,-1.2262540627040914,0.8600618380540628,2.5903628134345738,2.9074272568929738,1.488110631219104,-0.03206746823524647,0.036103269994731485,0.001186270929186832,-0.02366605806069884,-0.07195699719995469,-0.010474808923272624,-0.05621952916518443,-0.03512504615132015,-0.0602092949028317,-0.34638837314285986,18.140000000011547,0.2446529244405034,-0.04626860408776828,0.0013003024554302136,0.5784893022800822,3.0999979999015057,2.466125965118408,1.7989347912831493,6.817561812595465e-5,-0.005761182555239526,-0.00013234181452145572,0.004666655987389438,0.0026634749608190423
1.4474491827712914,-0.3168055921533935,1.3422557294117263,1.2900714210860718,-0.03501210853838141,-1.2293152666071971,0.8574247061665882,2.5889105498256177,2.9053175161083296,1.4929521218146236,-0.0208020160388998,0.034108322862597046,0.0020323897100157176,-0.023704741193925273,-0.07209938204161906,-0.010585927843773314,-0.06051682586619738,-0.038258996604771285,-0.047323430155450354,-0.35085129452042946,18.180000000011596,0.24466329322758973,-0.046284800283619185,0.0013000693341291536,0.5784686149429403,3.0999715328216553,2.4661344031475294,1.7989451020324667,5.132143662038085e-5,-0.006853004893070071,-0.001917593356649865,0.002560199178222546,-0.00014892166248784214
1.4464187634950256,-0.31674274335212665,1.3436457448382624,1.290009637630195,-0.03499080824084821,-1.2323832492702225,0.8546333925204836,2.5873280580868148,2.9037867910441677,1.4976568062988334,-0.008945062606777444,0.03180849292901875,0.0030144570757992912,-0.023754040418010255,-0.07225936539087442,-0.010661204909855244,-0.06411252911877163,-0.0417455332355087,-0.03148936955515001,-0.35476913805389043,18.220000000011645,0.24465685791817732,-0.04629867450020044,0.00130020035430789,0.5785025358200073,3.0999836921691895,2.466114044189453,1.7989161014556885,3.30170696543064e-5,0.004484057892113924,-8.576426625950262e-5,-0.00036543377791531384,0.0045654503628611565
1.4459004632822625,-0.31673280592406394,1.3449387998762998,1.2899485989834227,-0.03496986622870102,-1.2354585273194647,0.8516921942871308,2.585594372234429,2.902931876245529,1.5022265713136165,0.0032508345994167144,0.02920759326557329,0.00413723679637419,-0.023817920978603056,-0.072431327320363,-0.010700585829686355,-0.06816514840896234,-0.045913946590327555,-0.013754336775778723,-0.3590979014451018,18.260000000011694,0.24465304626917214,-0.046328694391454886,0.00130020035430789,0.5784785747528076,3.1000075340270996,2.466101884841919,1.7989041805267334,3.077388464589603e-5,0.0007386524230241776,-0.00033650750992819667,0.003686394775286317,0.0027221583295613527
1.4459059594810855,-0.3167839874896231,1.3461234181068285,1.2898881700157467,-0.034949646497200816,-1.2385414449448768,0.8485635271798654,2.583677980967456,2.902810398981003,1.506628798755281,0.015509044481042872,0.026318989587755012,0.00542372664948706,-0.023899360248503778,-0.07260942780784858,-0.0107047771998029,-0.0735952703950915,-0.05094367925501071,0.004995775982924927,-0.3645723494295653,18.300000000011742,0.24464319441118118,-0.04634114529375234,0.00130020035430789,0.5784785747528076,3.100006384368011,2.4661475076581403,1.7989149517965992,-6.954461453758252e-5,-0.012038714989213425,-0.002582012102167557,-0.0015625124757091555,-0.001733197734738621
1.4464348059342989,-0.31690536063026414,1.347189086158577,1.289828088049826,-0.0349306148950107,-1.241632156461171,0.8451803547814137,2.5815436193573844,2.903448295849279,1.5108078184788245,0.02752379523400094,0.023172914735031767,0.006906071271342376,-0.0239997940732452,-0.07278789455161978,-0.01067533951311545,-0.08092854790186955,-0.05685569316858014,0.024054535971519436,-0.37156667777657015,18.34000000001179,0.24464181556376774,-0.04634845014000802,0.00130020035430789,0.5784785747528076,3.0999956130981445,2.466125965118408,1.7989041805267334,6.095004664530279e-6,-0.012569869868457317,0.007668703328818083,0.0027304021641612053,0.002926049055531621
1.4474738816316417,-0.317106951121442,1.3481270482691126,1.2897679876655395,-0.03491326976380463,-1.2447306304465768,0.8414639639861562,2.5791576289131126,2.904846369320545,1.5147014384408892,0.03898561983063814,0.019825311613296957,0.008618645814996388,-0.024118897345200774,-0.07296146013080008,-0.010614683560668964,-0.09024443648246022,-0.06353811727670425,0.04287015482464726,-0.38004314352202967,18.38000000001184,0.24463031692875659,-0.046352907635898534,0.00130020035430789,0.5785025358200073,3.0999715328216553,2.4661378860473633,1.7989041805267334,7.051970442262245e-6,-0.00030204406357370317,-0.0015413968358188868,0.0014216069830581546,-0.0023018603678792715
1.4489959700374289,-0.3173994093375442,1.3489317778331678,1.2897074127292505,-0.034898064998751095,-1.2478366370512386,0.8373399710531771,2.5764937063026276,2.9069854525307446,1.5182555597439604,0.04955790440971368,0.01637097146031743,0.01058753498042412,-0.02425448586346494,-0.07312483944284183,-0.010526511155610084,-0.10125875901151744,-0.07075409020704747,0.06098496447233141,-0.3896382903927676,18.42000000001189,0.2446050606829674,-0.0463510267520415,0.0013003852218389511,0.5784785747528076,3.100013359864427,2.466125965118408,1.7989278696470896,-1.592692467172981e-5,0.007145345211029053,-0.002544927714612636,0.004114063456654549,0.0006800175648062453
1.4509600365781217,-0.3177934468139618,1.3496018617926884,1.289645841211673,-0.034885347042115065,-1.2509497581792768,0.8327519145987585,2.5735354582999617,2.909829492808455,1.5214362920748599,0.05895701223372018,0.012912257258157861,0.012824999871031797,-0.024403234905037447,-0.07327389949348845,-0.010415060521468372,-0.11338414177560627,-0.07825227496387754,0.0780153502374118,-0.39972477574170784,18.460000000011938,0.24457839075970736,-0.04633945468415725,0.0013004393705008518,0.578485584246007,3.1000075340270996,2.466125965118408,1.7989196236388383,-3.611992882016402e-5,0.003079131476627277,-0.003119466133262262,0.0022749892264867827,-0.0003536601830583791
1.4533138949798825,-0.31829918677230523,1.3501400173313571,1.289582728265741,-0.034875311867999526,-1.2540694232993412,0.8276709238147502,2.5702764554776563,2.9133285817431034,1.5242379722284753,0.06697308091252584,0.009552546400245523,0.015323332166660021,-0.02456098434677427,-0.07340565798005345,-0.010284745986097448,-0.12585549648146716,-0.08578782069342497,0.09365101504759384,-0.4095410037285142,18.500000000011987,0.24455070570700052,-0.04632915013564282,0.0013005703222006562,0.5785025358200073,3.1000075340270996,2.466125965118408,1.798928141593933,-2.5576304324204102e-5,-0.006754492875188589,-0.0033918716944754124,-0.002172579523175955,-0.0029499137308448553
1.4559973307248704,-0.3189253048879675,1.3505529990159817,1.289517548686079,-0.03486797629823517,-1.257194941209378,0.8221005296227518,2.5667196417864107,2.917421681548918,1.526686198841032,0.07347650380200564,0.006394927612621856,0.018048649685143425,-0.024722925328218643,-0.07351817517486066,-0.010139881687832811,-0.1378321199162942,-0.09313916230426311,0.10764512505457194,-0.4182957872384184,18.540000000012036,0.24451839983410145,-0.046309209747464636,0.001300225425265687,0.5785248731600775,3.099996420922587,2.4661481913274335,1.798928141593933,-0.00010739723832797201,0.0020183800118043172,-0.00566633609774485,0.0005686054791200979,-0.0018331920441996743
1.4589454038949046,-0.3196779548970741,1.3508514591697363,1.2894498386571065,-0.03486315625221266,-1.260325529766433,0.8160786670674723,2.5628761100508806,2.922038989311401,1.5288379169250987,0.07842010556394152,0.0035415761663175425,0.020935519484956734,-0.02488358682243561,-0.07361058611845969,-0.009984419706946258,-0.14844065096110037,-0.1001218021921965,0.11980595381442823,-0.4252149256549802,18.580000000012085,0.24449027891466843,-0.04628701220638691,0.00130020035430789,0.578516963060983,3.1000003562952707,2.4661450637791917,1.7989138171386112,-0.00011334489681757987,-0.001284223711958098,-0.0058316695503890514,5.35844425636696e-5,0.00014934689066245358
1.4620917399990674,-0.32055955344973996,1.3510498004400389,1.2893792362379204,-0.0348604471784736,-1.263460344914744,0.8096783791893679,2.558763481919555,2.9271040487073647,1.5307801290830954,0.08183634371415127,0.0010931514194953919,0.0238849495086376,-0.025036803409347493,-0.07368312336561356,-0.009821743889085846,-0.15680235959239713,-0.10659410932229273,0.12999296289200676,-0.4295685220956289,18.620000000012134,0.24447932158253927,-0.046274918392021865,0.00130020035430789,0.5785377273159175,3.0999987799236393,2.466155569336353,1.7989274194254334,-8.570398077744178e-5,-0.000416309900681423,-0.00413240693717575,-0.0020968585347857093,0.002817870619055584
1.465371590994686,-0.32156758412656855,1.351166012453365,1.2893055168177818,-0.03485920836342891,-1.2665985082037021,0.8030073044442823,2.554404216455897,2.9325358184606745,1.5326274998895313,0.08382858801118226,-0.0008531543581635238,0.026767237461809437,-0.02517578918259538,-0.07373705466824111,-0.009654562972224896,-0.16206949026989045,-0.11245524979189428,0.13811870752550134,-0.43070173510315063,18.660000000012182,0.2444519362655402,-0.04627086958778524,0.0013003852218389511,0.5785025358200073,3.0999956130981445,2.4661498069763184,1.7989161014556885,-0.00010555473272688687,0.010254287160933018,0.004798486363142729,-0.005878373980522156,-0.0011457015061751008
1.4687244334364498,-0.32269363778948634,1.3512214353796166,1.2892286179581312,-0.03485855680518005,-1.2697391310608797,0.7962052449028421,2.5498241403374124,2.9382509408404167,1.5345183987288218,0.08455574428789643,-0.0022078438350872473,0.029430840157003615,-0.025293417066774692,-0.07377447742353292,-0.009484933724036273,-0.16348707659772913,-0.11763642117050405,0.14415701932618363,-0.42808384743924316,18.70000000001223,0.24443426025360956,-0.046252202321831505,0.00130020035430789,0.5785085311181042,3.1000405226698184,2.4661378860473633,1.7989146100880027,6.664342258428142e-5,0.008819176238202692,0.004107638022552986,-0.005043656945139632,0.004014861757521172
1.4720958627675862,-0.32392294975227565,1.3512403452114023,1.2891486467355437,-0.034857379630850574,-1.2728813333948237,0.7894385427401095,2.545051417861213,2.9441664592886503,1.5366084061229126,0.0842098114120342,-0.002896940201494694,0.031717983209240824,-0.02538279609859306,-0.07379792481632072,-0.009314447536239426,-0.16049218135897764,-0.12208813246820677,0.14815728935048367,-0.4213867687317277,18.74000000001228,0.24442116574106373,-0.046261981571429286,0.00130020035430789,0.5785504579544067,3.1000194549560547,2.4661378860473633,1.7989041805267334,3.5289420338813215e-5,-0.0012169653782621026,-0.007006032392382622,-0.0029300362803041935,-0.00633925711736083
1.4754385537573245,-0.32523470719286246,1.351249218358889,1.2890658622552915,-0.03485437598953009,-1.2760242537661968,0.7828897158786139,2.54011607381783,2.9502032046894744,1.539060053856612,0.08298669740928397,-0.0028728647015281114,0.03348667367938172,-0.02543816679410728,-0.07380976391085776,-0.00914457425174237,-0.1528510099218292,-0.12576550041550855,0.15026303360778887,-0.41059331929641446,18.78000000001233,0.2444119576459765,-0.0462806894285754,0.0013000152539461851,0.578526496887207,3.1000194549560547,2.4661498069763184,1.798928141593933,0.00012347940355539322,0.007344002369791269,0.0014963510911911726,0.0028940814081579447,-0.0002809738798532635
1.4787121005741644,-0.3266033396146767,1.3512755846571576,1.2889806286399046,-0.034848137733592244,-1.2791670485177271,0.776741163453622,2.5350500732497423,2.956289913420059,1.5420279075038308,0.08105330181691714,-0.002126603885578154,0.034636518325801564,-0.025456033356595662,-0.07381145070744871,-0.008977111749568504,-0.1408145792216773,-0.1286161713858223,0.15072853571724182,-0.3961180873358673,18.820000000012378,0.24440282134058644,-0.04630487321643589,0.001300116249296092,0.5785395706399739,3.100032593752368,2.466143302621708,1.7989215721957765,0.00010723069284468981,0.005535422361097339,0.0017941478854991513,0.0008863614045598381,-0.00030149594439707154
1.4818817375814421,-0.328000830845605,1.351346445423128,1.288893339429956,-0.034837271434545694,-1.282308880233512,0.7711531192881805,2.5298877072008366,2.962367800629256,1.545639313144417,0.07851831921252657,-0.0006983121968408963,0.03513244675116912,-0.025436288592463642,-0.0738028510744909,-0.008814630073306578,-0.12524214626343272,-0.13057821982526008,0.1499225089823015,-0.37889646230532326,18.860000000012427,0.24438753849387107,-0.04634128622177,0.00130020035430789,0.5785504579544067,3.1000312084652437,2.4661378860473633,1.7989202239838256,9.025018877902044e-5,0.0035389274957874956,0.0004415425369988944,-0.0004062931510787269,-0.0009320107984856909
1.484916274113033,-0.3293997800213728,1.3514863806225055,1.2888043243703522,-0.03482054988635629,-1.2854489014798722,0.7662387261360891,2.524665751080839,2.968394782192981,1.5499734947629753,0.07541803542288206,0.0013187623816781162,0.03501751497595844,-0.025382882393659784,-0.07378197041226964,-0.00866072328455385,-0.10761015104314013,-0.1315937919467054,0.14830475442275065,-0.3603704033653201,18.900000000012476,0.2443813362051815,-0.04637648096096436,0.00130020035430789,0.5785504579544067,3.1000075340270996,2.4661378860473633,1.798928141593933,8.362573862541467e-5,0.0025971184950321913,-0.0026325222570449114,0.00032217352418228984,-0.002110137138515711
1.487785966157704,-0.3307765701222617,1.3517156778710064,1.2887137611901323,-0.03479706110078404,-1.2885862458020985,0.7620425300095872,2.5194228379185257,2.97434815724317,1.5550446108763485,0.07172785901914108,0.0037862744811422485,0.03440652432534338,-0.025303501597279104,-0.07374542915340532,-0.008519897070899445,-0.08982461295945955,-0.13163460482919623,0.14636959716959635,-0.34230179498480373,18.940000000012525,0.24438275513592828,-0.04642390449606419,0.0013003771395900833,0.5785504579544067,3.1000305615346884,2.4661492858035956,1.7989396553477277,4.648256020032694e-6,0.007073318055092278,0.005311805548180406,0.002557672901810499,-3.331307193887636e-5
1.4904612420921877,-0.33211376495288353,1.3520489588447215,1.2886216214885513,-0.034766309208281304,-1.2917200408506746,0.7585306463886261,2.5141973809017513,2.9802239465681146,1.560795928107339,0.06739931038902795,0.006541785181560218,0.03345799819584957,-0.02520811018111405,-0.0736897484321496,-0.008396987043632627,-0.07383425567771838,-0.13074785730100985,0.14453773088563135,-0.32641467271218766,18.980000000012573,0.24438998165707718,-0.04647846203069035,0.0013003852218389511,0.5785504579544067,3.100031614303589,2.4661498069763184,1.7989401817321777,1.0375727015343728e-6,0.0072779604233801365,0.00567500339820981,0.002659875201061368,6.163492798805237e-5
1.492912907321686,-0.333401010993797,1.3524947472907154,1.2885276738028468,-0.0347282280254678,-1.2948494516598728,0.7555987265338834,2.509024028687419,2.9860320965129,1.5671100471625934,0.06240949390533265,0.009428378542707998,0.03233427959798195,-0.025106609194927194,-0.07361299760641886,-0.008296303312780823,-0.06114811576479282,-0.1290768954433331,0.14306684969808112,-0.31396880964825147,19.020000000012622,0.24440574724814146,-0.04653128063912976,0.0013004692671164273,0.5785504579544067,3.1000391097250404,2.4661498069763184,1.798917262012052,2.1066838607289864e-5,-0.004462608289917929,0.00857005911075504,-0.0004952396433213456,-0.0009684663806130008
1.4951137856444043,-0.33463432383918656,1.3530561217055643,1.288431542604116,-0.034683097617501046,-1.2979737459042877,0.753097034442702,2.5039298008494373,2.991788621992159,1.5738338504853282,0.05679567121214569,0.012320559434642407,0.03116818210993937,-0.02500672996408016,-0.07351585458525375,-0.008220946031644359,-0.05251034356179806,-0.12685404410260429,0.14199873629543328,-0.30548933103849163,19.06000000001267,0.2444118822595912,-0.04660617298669489,0.001300755306147039,0.578526496887207,3.100031614303589,2.4661498069763184,1.798928141593933,-4.967320273863152e-5,-0.0023231401573866606,-0.0013391949469223619,0.0050244987942278385,-0.0024004040751606226
1.497040792592742,-0.33581443462198557,1.3537321544448413,1.2883327921994636,-0.034631403970401736,-1.3010923523592155,0.7508619348994547,2.4989318027310463,2.9975079428171107,1.58080803818886,0.05065700143754304,0.015136955294940527,0.03005141018294265,-0.024913031309827745,-0.073401407721698,-0.008172620005414369,-0.04789559802140926,-0.1243307292424004,0.1412216345685944,-0.30079463301489634,19.10000000001272,0.2444179657231037,-0.04665158299577127,0.0013006922615557098,0.5785346605172579,3.100033645057333,2.4661477762225745,1.7989260905326518,-3.066342403179495e-5,-0.002141056609080474,-0.0013037649971638495,0.0036736659552299863,-0.00100885660675399
1.4986765718151385,-0.3369450359841149,1.3545195694637269,1.2882310020128707,-0.03457369478260709,-1.3042048919585116,0.7487428587809649,2.49403773925228,3.0031983742776744,1.5878913658656382,0.04413718690030744,0.017837087492592545,0.029039017597786973,-0.024827108501739907,-0.0732742752116868,-0.008151830708200412,-0.04672258707325505,-0.12171754838680067,0.14055433871132514,-0.29921434025732346,19.14000000001277,0.24443108626650212,-0.046705782121689354,0.0013003852218389511,0.5785744190216064,3.100043535232544,2.4661378860473633,1.7989161014556885,6.191798456711695e-5,-0.0012542734621092677,-0.001131214085035026,-0.0029051590245217085,0.005768256727606058
1.5000103544448211,-0.3380314366409337,1.3554140950748974,1.2881258142070933,-0.03451047204102604,-1.3073111795207613,0.7466185759607074,2.4892482511572984,3.008860919384878,1.594974448655229,0.037400642146254715,0.02040878666845627,0.02816141145503401,-0.024748553451617524,-0.07313954226543513,-0.00815824302051911,-0.04815138511138963,-0.1191534433765272,0.13982353616732118,-0.2998711963425452,19.180000000012818,0.24444332443369055,-0.046760075986053265,0.0013003852218389511,0.5785504579544067,3.1000343214946247,2.4661619663238525,1.7989041805267334,3.9463928260374814e-5,-0.004676503594964743,9.654142922954634e-5,0.004557716194540262,-0.0027615857641744416
1.5010381105473043,-0.33907975869307033,1.3564112978276595,1.2880169516887383,-0.03444213496529398,-1.3104112040202804,0.7444022985064433,2.4845599047749714,3.014490629177281,1.6019831777925817,0.030613951908377412,0.02285453809983917,0.027435732971591065,-0.02467602226407403,-0.07300195795270539,-0.008190995281914118,-0.05132968138178452,-0.11670352851345353,0.13891138274498163,-0.3019057752998254,19.220000000012867,0.24444968509916148,-0.04680716898455887,0.0013003852218389511,0.5785635677056281,3.100031614303589,2.4661553136142773,1.7989041805267334,3.6722933157856344e-5,-0.0033829004982875643,0.003469452918685195,0.001026147087252087,0.00015109488757716633
1.501762303938289,-0.3400965363246543,1.3575069461956124,1.2879042162243215,-0.03436896370649685,-1.3135051000024125,0.7420392754990022,2.4799678136981034,3.0200791316535796,1.6088754184631244,0.023937512973735413,0.025181185653127044,0.026872062980596315,-0.024607962990002386,-0.07286561930679657,-0.008248864598689076,-0.05551692287381011,-0.11437903548496983,0.13776557779432255,-0.30458476595342304,19.260000000012916,0.244447207945329,-0.04684419128129141,0.0013003852218389511,0.5785744190216064,3.100040355416991,2.4661454364196174,1.7989217501646713,1.57661265769206e-5,0.0005234248325401349,0.004758860885185715,-0.0010565391391863849,0.0018773766715165794
